/*
SQLyog Ultimate v11.33 (64 bit)
MySQL - 5.7.17-log : Database - db_experiment_system
*********************************************************************
*/

/*!40101 SET NAMES utf8 */;

/*!40101 SET SQL_MODE=''*/;

/*!40014 SET @OLD_UNIQUE_CHECKS=@@UNIQUE_CHECKS, UNIQUE_CHECKS=0 */;
/*!40014 SET @OLD_FOREIGN_KEY_CHECKS=@@FOREIGN_KEY_CHECKS, FOREIGN_KEY_CHECKS=0 */;
/*!40101 SET @OLD_SQL_MODE=@@SQL_MODE, SQL_MODE='NO_AUTO_VALUE_ON_ZERO' */;
/*!40111 SET @OLD_SQL_NOTES=@@SQL_NOTES, SQL_NOTES=0 */;
CREATE DATABASE /*!32312 IF NOT EXISTS*/`db_experiment_system` /*!40100 DEFAULT CHARACTER SET utf8 */;

USE `db_experiment_system`;

/*Table structure for table `t_a_rock` */

DROP TABLE IF EXISTS `t_a_rock`;

CREATE TABLE `t_a_rock` (
  `id` int(11) NOT NULL AUTO_INCREMENT,
  `name` varchar(30) DEFAULT NULL,
  `order_no` int(11) DEFAULT NULL,
  `state` int(5) NOT NULL COMMENT '不常用0   常用1 ',
  `type` int(5) NOT NULL COMMENT '1一级节点   2二级节点 ',
  `rock_id` int(11) DEFAULT NULL,
  PRIMARY KEY (`id`),
  KEY `FK474ku46hps36awn5ber5i9uuh` (`rock_id`),
  CONSTRAINT `FK474ku46hps36awn5ber5i9uuh` FOREIGN KEY (`rock_id`) REFERENCES `t_a_rock` (`id`)
) ENGINE=InnoDB AUTO_INCREMENT=78 DEFAULT CHARSET=utf8;

/*Data for the table `t_a_rock` */

insert  into `t_a_rock`(`id`,`name`,`order_no`,`state`,`type`,`rock_id`) values (1,'化探',1,1,0,NULL),(2,'有色金属矿石',2,1,0,NULL),(3,'贵金属矿石',3,1,0,NULL),(4,'铀矿石/放射性稀有分散元素',4,1,0,NULL),(5,'放射性稀有分散元素',5,0,0,NULL),(6,'铁矿',6,0,0,NULL),(7,'铁矿物相',7,0,0,NULL),(8,'光谱半定量',8,1,0,NULL),(9,'稀土矿',9,0,0,NULL),(10,'锰矿',10,0,0,NULL),(11,'放电锰(化工用)',11,0,0,NULL),(12,'金红石',12,0,0,NULL),(13,'金红石(砂矿)',13,0,0,NULL),(14,'钛铁矿',14,0,0,NULL),(15,'铬铁矿',15,0,0,NULL),(16,'钒矿',16,0,0,NULL),(17,'磷矿石',17,0,0,NULL),(18,'硫铁矿自然硫',18,0,0,NULL),(19,'明矾石',19,0,0,NULL),(20,'重晶石毒重石',20,0,0,NULL),(21,'天青石',21,0,0,NULL),(22,'石膏',22,0,0,NULL),(23,'芒硝',23,0,0,NULL),(24,'盐矿盐湖淤泥',24,0,0,NULL),(25,'钾盐',25,0,0,NULL),(26,'钾长石，含钾长石，伟晶花岗岩',26,0,0,NULL),(27,'萤石',27,0,0,NULL),(28,'滑石 叶腊石',28,0,0,NULL),(29,'蛇纹石橄榄石超基性岩',29,0,0,NULL),(30,'高铝粘土矿',30,0,0,NULL),(31,'陶瓷用高岭土',31,0,0,NULL),(32,'绝缘陶瓷高岭土',32,0,0,NULL),(33,'陶瓷用粘土',33,0,0,NULL),(34,'水泥用粘土',34,0,0,NULL),(35,'冶金用粘土',35,0,0,NULL),(36,'冶金用石英砂',36,0,0,NULL),(37,'铸造用石英砂',37,0,0,NULL),(38,'玻璃用石英砂',38,0,0,NULL),(39,'陶瓷用石英砂',39,0,0,NULL),(40,'溶剂用灰岩',40,0,0,NULL),(41,'化工用灰岩',41,0,0,NULL),(42,'制电石用灰岩',42,0,0,NULL),(43,'水泥用石灰质原料',43,0,0,NULL),(44,'水泥用粘土质,硅质原料',44,0,0,NULL),(45,'泥灰岩',45,0,0,NULL),(46,'硅灰石',46,0,0,NULL),(47,'白云岩',47,0,0,NULL),(48,'玻璃原料用白云岩',48,0,0,NULL),(49,'凌镁矿',49,0,0,NULL),(50,'天然碱',50,0,0,NULL),(51,'固体硼矿',51,0,0,NULL),(52,'石墨',52,0,0,NULL),(53,'硅酸盐',53,0,0,NULL),(54,'硅藻土',54,0,0,NULL),(55,'泥碳',55,0,0,NULL),(56,'选冶样品铬矿石',56,0,0,NULL),(57,'选冶样品钒铁矿',57,0,0,NULL),(58,'选冶样品铅锌矿',58,0,0,NULL),(59,'选冶样品镍矿',59,0,0,NULL),(60,'选冶样品钴矿',60,0,0,NULL),(61,'选冶样品锡矿',61,0,0,NULL),(62,'选冶样品钨矿',62,0,0,NULL),(63,'选冶样品钼矿',63,0,0,NULL),(64,'选冶样品铋矿',64,0,0,NULL),(65,'选冶样品汞矿',65,0,0,NULL),(66,'选冶样品铌钽矿',66,0,0,NULL),(67,'选冶样品锂铍矿',67,0,0,NULL),(68,'选冶样品锆矿',68,0,0,NULL),(69,'选冶样品硫铁矿',69,0,0,NULL),(71,'1111111111',1,0,1,NULL),(72,'2222222222',2,0,1,NULL),(74,'二级1',1,1,2,71),(75,'二级2',2,0,2,71),(76,'二级201',675,0,2,72),(77,'二级202',3,0,2,72);

/*Table structure for table `t_a_role` */

DROP TABLE IF EXISTS `t_a_role`;

CREATE TABLE `t_a_role` (
  `id` int(11) NOT NULL AUTO_INCREMENT,
  `name` varchar(30) NOT NULL,
  `order_no` int(11) DEFAULT NULL,
  PRIMARY KEY (`id`)
) ENGINE=InnoDB AUTO_INCREMENT=7 DEFAULT CHARSET=utf8;

/*Data for the table `t_a_role` */

insert  into `t_a_role`(`id`,`name`,`order_no`) values (3,'管理员',1),(5,'检测人员',3),(6,'超级管理人员',4);

/*Table structure for table `t_a_user` */

DROP TABLE IF EXISTS `t_a_user`;

CREATE TABLE `t_a_user` (
  `id` int(11) NOT NULL AUTO_INCREMENT,
  `create_date_time` datetime DEFAULT NULL,
  `name` varchar(30) NOT NULL,
  `order_no` int(11) NOT NULL,
  `pwd` varchar(200) NOT NULL,
  `remark` varchar(200) DEFAULT NULL,
  `true_name` varchar(200) NOT NULL,
  `role_id` int(11) DEFAULT NULL,
  PRIMARY KEY (`id`),
  KEY `FK76cs7cu4h4y8vc1vd4qyw36rt` (`role_id`),
  CONSTRAINT `FK76cs7cu4h4y8vc1vd4qyw36rt` FOREIGN KEY (`role_id`) REFERENCES `t_a_role` (`id`)
) ENGINE=InnoDB AUTO_INCREMENT=6 DEFAULT CHARSET=utf8;

/*Data for the table `t_a_user` */

insert  into `t_a_user`(`id`,`create_date_time`,`name`,`order_no`,`pwd`,`remark`,`true_name`,`role_id`) values (1,'2019-02-18 08:40:27','admin',1,'ba61ce8fa1e3725876e6363c76043c8d',NULL,'张无忌',6),(3,'2021-12-06 09:48:12','23',4,'e3995f2a3ddcaafec29a253b03872ea7','','小明',3),(4,'2021-12-06 09:48:25','43',10,'ba61ce8fa1e3725876e6363c76043c8d','','小A',3),(5,'2022-02-18 15:05:39','aa',2,'ba61ce8fa1e3725876e6363c76043c8d','','张一',5);

/*Table structure for table `t_b_register` */

DROP TABLE IF EXISTS `t_b_register`;

CREATE TABLE `t_b_register` (
  `id` int(11) NOT NULL AUTO_INCREMENT,
  `corporate` varchar(50) DEFAULT NULL COMMENT '公司名称',
  `create_date_time` datetime DEFAULT NULL COMMENT 'excel样品上传的路径',
  `project` varchar(50) DEFAULT NULL COMMENT '项目名',
  `sample_path` varchar(250) DEFAULT NULL COMMENT 'excel样品上传的路径',
  `user_id` int(11) DEFAULT NULL COMMENT '委托登记，创建人',
  `rock_id` int(11) DEFAULT NULL COMMENT '岩石类型',
  `state` int(5) NOT NULL COMMENT '样品状态...',
  `repor_number` varchar(55) DEFAULT NULL COMMENT '报告编号...',
  `test_number` varchar(55) DEFAULT NULL COMMENT '检测编号.',
  `biao` int(5) NOT NULL COMMENT '添加标样  0没有加  1已经加了...',
  `ping` int(5) NOT NULL COMMENT '添加平行样 0没有加  1已经加了  ',
  `end_date_time` datetime DEFAULT NULL COMMENT '报告完成截至时间',
  `person` varchar(55) DEFAULT NULL COMMENT '联系人.',
  `phone` varchar(55) DEFAULT NULL COMMENT '联系方式.',
  `quality_user_id` int(11) DEFAULT NULL COMMENT '质量控制用户',
  `over_date` date DEFAULT NULL COMMENT '检测任务截至时间',
  `end_date` date DEFAULT NULL COMMENT '报告完成截至时间',
  PRIMARY KEY (`id`),
  KEY `FKk44evj2867emqnlpbkhyp4lpq` (`user_id`),
  KEY `FKkgmxk78p2mrwkx933iyg5f46s` (`rock_id`),
  KEY `FKhi13wwbxttpesapab7d9mcw17` (`quality_user_id`),
  CONSTRAINT `FKhi13wwbxttpesapab7d9mcw17` FOREIGN KEY (`quality_user_id`) REFERENCES `t_a_user` (`id`),
  CONSTRAINT `FKk44evj2867emqnlpbkhyp4lpq` FOREIGN KEY (`user_id`) REFERENCES `t_a_user` (`id`),
  CONSTRAINT `FKkgmxk78p2mrwkx933iyg5f46s` FOREIGN KEY (`rock_id`) REFERENCES `t_a_rock` (`id`)
) ENGINE=InnoDB AUTO_INCREMENT=152 DEFAULT CHARSET=utf8;

/*Data for the table `t_b_register` */

insert  into `t_b_register`(`id`,`corporate`,`create_date_time`,`project`,`sample_path`,`user_id`,`rock_id`,`state`,`repor_number`,`test_number`,`biao`,`ping`,`end_date_time`,`person`,`phone`,`quality_user_id`,`over_date`,`end_date`) values (133,'A公司','2022-02-20 20:08:22','金丝沟项目','/static/upload_file/excel/20220220200820.xls',1,1,7,'43243','4324',1,1,NULL,'张某','029-0000000',1,'2022-02-02','2022-02-20'),(134,'AB公司','2022-03-05 00:22:20','X项目','/static/upload_file/excel/20220305002217.xls',1,1,3,'567','56',1,1,NULL,'李某','11111111111',NULL,'2022-03-24','2022-04-07'),(135,'C公司','2022-03-05 10:34:43','XX项目','/static/upload_file/excel/20220305103440.xls',1,1,5,'a001','a0011',1,1,NULL,'吴某','029-1111111',NULL,'2022-03-22','2022-04-07'),(136,'D公司','2022-03-24 21:10:21','XXXXXXX项目','/static/upload_file/excel/20220324211000.xls',1,4,5,'b001','a001',1,1,NULL,'李某','15000000000',NULL,'2022-03-25','2022-03-26'),(137,'123','2022-03-29 23:11:02','123','/static/upload_file/excel/20220329231059.xls',1,1,1,'56477654','76547',0,1,NULL,'1312','3',NULL,NULL,'2022-04-07'),(138,'4234','2022-03-29 23:16:11','423','/static/upload_file/excel/20220329231608.xls',1,1,1,'6456456','654',0,1,NULL,'234234','234234',NULL,NULL,'2022-04-06'),(139,'45345','2022-03-29 23:17:50','535345','/static/upload_file/excel/20220329231747.xls',1,1,1,'543','543',0,1,NULL,'543','5345345',NULL,NULL,'2022-03-19'),(140,'43223432','2022-03-29 23:22:47','234234','/static/upload_file/excel/20220329232245.xls',1,1,1,'23432','43244324',0,1,NULL,'24','rdws324',NULL,NULL,'2022-03-25'),(141,'2134','2022-03-30 19:23:50','2342343','/static/upload_file/excel/20220330192347.xls',1,1,1,'345','45',0,1,NULL,'24324','324234324',NULL,NULL,'2022-03-30'),(142,'756','2022-03-30 19:37:59','4567','/static/upload_file/excel/20220330193756.xls',1,1,1,'764574567','7654',0,0,NULL,'46574567','645765',NULL,NULL,'2022-03-16'),(143,'43214','2022-03-30 19:40:36','4321','/static/upload_file/excel/20220330194034.xls',1,1,1,'54325435','542352435',0,0,NULL,'3124','3214124341',NULL,NULL,'2022-03-23'),(144,'658678','2022-03-30 22:10:19','867867','/static/upload_file/excel/20220330221016.xls',1,1,1,'iyu867876','876868',0,1,NULL,'867876','8678678',NULL,NULL,'2022-03-30'),(145,'543','2022-03-30 22:14:53','435','/static/upload_file/excel/20220330221450.xls',1,1,1,'423','4234',0,1,NULL,'43534543','5435',NULL,NULL,'2022-03-30'),(146,'133213','2022-03-30 22:50:18','21313','/static/upload_file/excel/20220330225015.xls',1,1,1,'321','3213321',0,1,NULL,'2131','123123',NULL,NULL,'2022-03-30'),(147,'312321123','2022-03-30 22:54:30','213123','/static/upload_file/excel/20220330225426.xls',1,1,1,'534435','34535',0,1,NULL,'3213','123',NULL,NULL,'2022-03-30'),(148,'376547','2022-03-30 22:56:50','6745','/static/upload_file/excel/20220330225648.xls',1,1,1,'75656756','7657',0,0,NULL,'6547645','76547',NULL,NULL,'2022-03-30'),(149,'876756856','2022-03-30 23:32:10','6788756856','/static/upload_file/excel/20220330233131.xls',1,1,1,'7645','76',0,1,NULL,'75687568','5768568',NULL,NULL,'2022-03-30'),(150,'756756','2022-03-30 23:35:23','756765','/static/upload_file/excel/20220330233519.xls',1,1,1,'43645','65654',0,1,NULL,'657657','6577567',NULL,NULL,'2022-03-30'),(151,'52','2022-03-31 09:07:22','5423','/static/upload_file/excel/20220331090719.xls',1,8,1,'675','756',1,1,NULL,'535','23535',NULL,NULL,'2022-03-31');

/*Table structure for table `t_config` */

DROP TABLE IF EXISTS `t_config`;

CREATE TABLE `t_config` (
  `id` int(11) NOT NULL AUTO_INCREMENT,
  `web_name` varchar(50) DEFAULT NULL,
  `plan_warn` int(5) DEFAULT NULL COMMENT '计划预警的天数',
  `uname` varchar(100) DEFAULT NULL COMMENT '铀矿石类型的名子,防止以后改名子动代码。',
  `config_date_time` datetime DEFAULT NULL COMMENT '记录时间，登录时用于判断是否更改时间',
  `task_warn` int(5) DEFAULT NULL COMMENT ' 检测人员检测任务距离几天预警',
  PRIMARY KEY (`id`)
) ENGINE=InnoDB AUTO_INCREMENT=2 DEFAULT CHARSET=utf8;

/*Data for the table `t_config` */

insert  into `t_config`(`id`,`web_name`,`plan_warn`,`uname`,`config_date_time`,`task_warn`) values (1,'清流实验室系统',NULL,'铀矿石/放射性稀有分散元素','2022-03-22 09:00:52',3);

/*Table structure for table `t_excel_model` */

DROP TABLE IF EXISTS `t_excel_model`;

CREATE TABLE `t_excel_model` (
  `id` int(11) NOT NULL AUTO_INCREMENT,
  `excel_path` varchar(100) DEFAULT NULL COMMENT '模板地址',
  `name` varchar(100) DEFAULT NULL COMMENT '模板名称',
  `state` int(2) DEFAULT NULL COMMENT '0不使用  1使用 ',
  `desc_` varchar(100) DEFAULT NULL COMMENT '模板描述',
  PRIMARY KEY (`id`)
) ENGINE=InnoDB AUTO_INCREMENT=14 DEFAULT CHARSET=utf8;

/*Data for the table `t_excel_model` */

insert  into `t_excel_model`(`id`,`excel_path`,`name`,`state`,`desc_`) values (10,'/static/excel_model/20220209113637.xls','制备清单',1,'1111111111'),(13,'/static/excel_model/20220309124752.xlsx','报告竖版',1,'11111');

/*Table structure for table `t_excel_model_data` */

DROP TABLE IF EXISTS `t_excel_model_data`;

CREATE TABLE `t_excel_model_data` (
  `id` int(11) NOT NULL AUTO_INCREMENT,
  `column_` int(4) DEFAULT NULL COMMENT '第几列 ',
  `excel_model_id` int(4) DEFAULT NULL COMMENT '属于哪个模板  ',
  `name` varchar(100) DEFAULT NULL COMMENT '使用哪个数据名称',
  `row_` int(4) DEFAULT NULL COMMENT '第几行  ',
  `sheet_` int(4) DEFAULT NULL COMMENT '第几页  ',
  PRIMARY KEY (`id`)
) ENGINE=InnoDB AUTO_INCREMENT=170 DEFAULT CHARSET=utf8;

/*Data for the table `t_excel_model_data` */

insert  into `t_excel_model_data`(`id`,`column_`,`excel_model_id`,`name`,`row_`,`sheet_`) values (57,2,10,'委托单位',2,1),(58,2,10,'报告编号',3,1),(59,5,10,'报告截至时间',6,1),(60,5,10,'报告创建时间',5,1),(61,1,10,'自增序号1+',9,1),(62,2,10,'原样编号',9,1),(63,3,10,'检测编号',9,1),(64,4,10,'样品类型',9,1),(65,5,10,'样品名称状态',9,1),(66,6,10,'检测项目',9,1),(152,3,13,'委托单位',15,1),(153,3,13,'项目名称',17,1),(154,4,13,'报告编号',8,1),(155,2,13,'项目名称',4,2),(156,2,13,'委托单位',5,2),(157,2,13,'联系人',6,2),(158,2,13,'报告创建时间',7,2),(159,4,13,'样品数量',8,2),(160,3,13,'质量控制人员',10,2),(161,1,13,'自增序号1+',4,4),(162,2,13,'原样编号',4,4),(163,3,13,'检测编号',4,4),(164,4,13,'检测项目',3,4),(165,1,13,'检测项目',6,3),(166,4,13,'仪器名称',6,3),(167,2,13,'检测方法',6,3),(168,3,13,'检出限',6,3),(169,5,13,'仪器编号',6,3);

/*Table structure for table `t_material` */

DROP TABLE IF EXISTS `t_material`;

CREATE TABLE `t_material` (
  `id` int(11) NOT NULL AUTO_INCREMENT,
  `name` varchar(100) DEFAULT NULL COMMENT '标准物质名称目',
  `state` int(2) DEFAULT NULL COMMENT '1是标准物质，2是金标样',
  `register_id` int(10) DEFAULT NULL COMMENT '对应的委托id',
  PRIMARY KEY (`id`),
  KEY `FKpir26r8f542i18od2tncu7ax7` (`register_id`),
  CONSTRAINT `FKpir26r8f542i18od2tncu7ax7` FOREIGN KEY (`register_id`) REFERENCES `t_b_register` (`id`)
) ENGINE=InnoDB AUTO_INCREMENT=793 DEFAULT CHARSET=utf8;

/*Data for the table `t_material` */

insert  into `t_material`(`id`,`name`,`state`,`register_id`) values (697,'GSD-10',1,133),(698,'GSD-9',1,133),(699,'GSD-12',1,133),(700,'GSR-2',1,133),(701,'GSD-9',1,134),(702,'GSD-9',1,134),(703,'GSD-9',1,134),(704,'GSD-9',1,134),(705,'GSD-9',1,135),(706,'GSD-9',1,135),(707,'GSD-9',1,135),(708,'GSD-9',1,135),(709,'test2',1,136),(710,'test2',1,136),(711,'test2',1,136),(712,'test2',1,136),(721,'GSD-9',1,137),(722,'GSD-9',1,137),(723,'GSD-9',1,137),(724,'GSD-9',1,137),(725,'GSD-9',1,138),(726,'GSD-9',1,138),(727,'GSD-9',1,138),(728,'GSD-9',1,138),(729,'GSD-9',1,139),(730,'GSD-9',1,139),(731,'GSD-9',1,139),(732,'GSD-9',1,139),(733,'GSD-9',1,140),(734,'GSD-9',1,140),(735,'GSD-9',1,140),(736,'GSD-9',1,140),(737,'GSD-9',1,141),(738,'GSD-10',1,141),(739,'GSD-11',1,141),(740,'GSD-1a',1,141),(745,'GSD-9',1,142),(746,'GSD-9',1,142),(747,'GSD-9',1,142),(748,'GSD-9',1,142),(749,'GSD-9',1,143),(750,'GSD-9',1,143),(751,'GSD-9',1,143),(752,'GSD-9',1,143),(753,'GSD-9',1,144),(754,'GSD-9',1,144),(755,'GSD-9',1,144),(756,'GSD-9',1,144),(757,'GSD-9',1,145),(758,'GSD-9',1,145),(759,'GSD-9',1,145),(760,'GSD-9',1,145),(761,'GSD-9',1,146),(762,'GSD-9',1,146),(763,'GSD-9',1,146),(764,'GSD-9',1,146),(765,'GSD-9',1,147),(766,'GSD-9',1,147),(767,'GSD-9',1,147),(768,'GSD-9',1,147),(773,'GSD-9',1,148),(774,'GSD-9',1,148),(775,'GSD-9',1,148),(776,'GSD-9',1,148),(781,'GSD-9',1,149),(782,'GSD-9',1,149),(783,'GSD-9',1,149),(784,'GSD-9',1,149),(785,'GSD-9',1,150),(786,'GSD-9',1,150),(787,'GSD-9',1,150),(788,'GSD-9',1,150),(789,'GSES I–1',1,151),(790,'GSES I–1',1,151),(791,'GSES I–1',1,151),(792,'GSES I–1',1,151);

/*Table structure for table `t_menu` */

DROP TABLE IF EXISTS `t_menu`;

CREATE TABLE `t_menu` (
  `id` int(11) NOT NULL AUTO_INCREMENT,
  `icon` varchar(100) DEFAULT NULL,
  `name` varchar(50) DEFAULT NULL,
  `p_id` int(11) DEFAULT NULL,
  `state` int(11) DEFAULT NULL,
  `type` int(11) DEFAULT NULL,
  `url` varchar(200) DEFAULT NULL,
  `order_no` int(11) NOT NULL,
  `permissions` varchar(100) DEFAULT NULL,
  PRIMARY KEY (`id`)
) ENGINE=InnoDB AUTO_INCREMENT=45 DEFAULT CHARSET=utf8;

/*Data for the table `t_menu` */

insert  into `t_menu`(`id`,`icon`,`name`,`p_id`,`state`,`type`,`url`,`order_no`,`permissions`) values (1,'','基本维护',-1,0,0,'',1,NULL),(2,'&#xe67a;','用户管理',1,1,0,'/houtai/user/manage',1,NULL),(5,'&#xe67a;','角色管理',1,1,0,'/houtai/role/manage',2,NULL),(10,'&#xe67a;','菜单管理',1,1,0,'/houtai/menu/manage?pId=-1',4,NULL),(18,'&#xe67a;','二级岩石类型',1,1,0,'/houtai/rock/manage',7,''),(19,'&#xe67a;','检测项目管理',1,1,0,'/houtai/project/manage',8,NULL),(20,'&#xe67a;','标准样品',1,1,0,'/houtai/standard/manage',9,NULL),(21,'&#xe67a;','新建送样单',1,1,0,'/houtai/register/create',12,NULL),(22,'&#xe67a;','委托登记管理',1,1,0,'/houtai/register/manage',15,NULL),(23,'&#xe67a;','管理检测任务',1,1,0,'/houtai/user/task/manage',18,''),(24,'&#xe67a;','任务',1,1,0,'/houtai/plan/manage',22,NULL),(26,'','excel模板',-1,0,0,'',3,NULL),(27,'&#xe67a;','模板管理',26,1,0,'/houtai/excel/model/manage',3,NULL),(28,'','数据管理',-1,0,0,'',6,NULL),(29,'&#xe67a;','报告状态管理',28,1,0,'/houtai/register/state/manage',3,''),(30,'','权限节点',-1,0,0,'',9,''),(31,'','岩石类型-添加权限',30,2,0,'',101,'rock:add'),(32,'','岩石类型-删除权限',30,2,0,'',102,'rock:del'),(33,'&#xe67a;','我的检测任务',1,1,0,'/houtai/user/task/my/manage',19,'3'),(34,'','岩石类型-修改权限',30,2,0,'',103,'rock:update'),(35,'','检测项目-添加',30,2,0,'',201,'project:add'),(36,'','检测项目-修改',30,2,0,'',202,'project:update'),(37,'','检测项目-删除',30,2,0,'',203,'project:del'),(38,'','标准样品-添加',30,2,0,'',301,'standard:add'),(39,'','标准样品-修改',30,2,0,'',302,'standard:update'),(40,'','标准样品-删除',30,2,0,'',303,'standard:del'),(41,'','公司名显示',30,2,0,'',901,'register:corporate'),(42,'','项目名显示',30,2,0,'',902,'register:project'),(43,'&#xe67a;','系统配置',28,0,0,'/houtai/config/manage',5,''),(44,'&#xe67a;','一级岩石分类',1,1,0,'/houtai/rock1/manage',6,'');

/*Table structure for table `t_plan` */

DROP TABLE IF EXISTS `t_plan`;

CREATE TABLE `t_plan` (
  `id` int(11) NOT NULL AUTO_INCREMENT,
  `create_date_time` datetime DEFAULT NULL COMMENT '计划任务创建时间',
  `end_date_time` datetime DEFAULT NULL COMMENT '计划任务截止时间',
  `name` varchar(50) DEFAULT NULL COMMENT '任务名称',
  `order_no` int(11) DEFAULT NULL,
  `remark` varchar(200) DEFAULT NULL,
  `state` int(5) NOT NULL COMMENT '计划状态...',
  `worker_ids` varchar(200) DEFAULT NULL COMMENT '执行者Ids',
  `user_id` int(11) DEFAULT NULL COMMENT '计划任务，创建人',
  PRIMARY KEY (`id`),
  KEY `FK4bdasbb2d1xnaym411pe3aybl` (`user_id`),
  CONSTRAINT `FK4bdasbb2d1xnaym411pe3aybl` FOREIGN KEY (`user_id`) REFERENCES `t_a_user` (`id`)
) ENGINE=InnoDB AUTO_INCREMENT=2 DEFAULT CHARSET=utf8;

/*Data for the table `t_plan` */

insert  into `t_plan`(`id`,`create_date_time`,`end_date_time`,`name`,`order_no`,`remark`,`state`,`worker_ids`,`user_id`) values (1,'2022-01-20 19:50:34','2022-01-01 00:00:00','765',6,'675',0,'小A,小明',1);

/*Table structure for table `t_project` */

DROP TABLE IF EXISTS `t_project`;

CREATE TABLE `t_project` (
  `id` int(11) NOT NULL AUTO_INCREMENT,
  `name` varchar(50) DEFAULT NULL COMMENT '检测项目',
  `detection_limit` decimal(10,2) DEFAULT NULL COMMENT '检出限',
  `method` varchar(50) DEFAULT NULL COMMENT '检测方法.',
  `model` varchar(50) DEFAULT NULL COMMENT '仪器型号',
  `name2` varchar(50) DEFAULT NULL COMMENT '仪器名称.',
  `num` varchar(50) DEFAULT NULL COMMENT '仪器编号.',
  `order_no` int(9) DEFAULT NULL COMMENT '序号',
  `rock_id` int(11) DEFAULT NULL,
  `c` decimal(10,2) DEFAULT NULL COMMENT '系数c',
  `unit` int(10) DEFAULT NULL COMMENT '检出限单位单位.',
  PRIMARY KEY (`id`),
  KEY `FKcxcny72vdqbemd7ayxe0onfsf` (`rock_id`),
  CONSTRAINT `FKcxcny72vdqbemd7ayxe0onfsf` FOREIGN KEY (`rock_id`) REFERENCES `t_a_rock` (`id`)
) ENGINE=InnoDB AUTO_INCREMENT=1634 DEFAULT CHARSET=utf8;

/*Data for the table `t_project` */

insert  into `t_project`(`id`,`name`,`detection_limit`,`method`,`model`,`name2`,`num`,`order_no`,`rock_id`,`c`,`unit`) values (805,'Au','0.30','16712','2','4','3',1,74,'0.00',9),(806,'Ag','20.00','67','67','67','67',2,77,NULL,9),(807,'Hg','5.00','h4','h','h','h',3,1,NULL,9),(808,'As','1.00','42342432','423','423','432',4,1,NULL,6),(809,'Bi','0.10','b423','b','b','b',5,1,NULL,6),(810,'Cd','0.10',NULL,NULL,NULL,NULL,6,1,NULL,6),(811,'Co','1.00',NULL,NULL,NULL,NULL,7,1,NULL,6),(812,'Cr','5.00','324324','4','432423432','23423',8,1,NULL,6),(813,'Cu','1.00','Cu4','Cu3','Cu2','Cu1',9,74,NULL,6),(814,'Mn','10.00','','','','',10,75,NULL,11),(815,'W','0.50',NULL,NULL,NULL,NULL,13,1,NULL,6),(816,'Zn','10.00',NULL,NULL,NULL,NULL,14,1,NULL,6),(817,'Sn','1.00',NULL,NULL,NULL,NULL,15,1,NULL,6),(818,'V','20.00',NULL,NULL,NULL,NULL,15,1,NULL,6),(819,'Mo','0.30',NULL,NULL,NULL,NULL,15,1,NULL,6),(820,'Sc','1.00',NULL,NULL,NULL,NULL,16,1,NULL,6),(821,'Se','0.00',NULL,NULL,NULL,NULL,17,1,NULL,6),(822,'Pb','2.00','Pb4','Pb3','Pb2','Pb1',18,1,NULL,6),(823,'Sb','0.20',NULL,NULL,NULL,NULL,19,1,NULL,6),(824,'Ce','1.00',NULL,NULL,NULL,NULL,20,1,NULL,6),(825,'Ni','2.00',NULL,NULL,NULL,NULL,21,1,NULL,6),(826,'B','1.00',NULL,NULL,NULL,NULL,22,1,NULL,6),(827,'Ba','10.00',NULL,NULL,NULL,NULL,23,1,NULL,6),(828,'Be','0.50',NULL,NULL,NULL,NULL,24,1,NULL,6),(829,'F','100.00',NULL,NULL,NULL,NULL,25,1,NULL,6),(830,'Fe','1000.00',NULL,NULL,NULL,NULL,26,1,NULL,6),(831,'La','30.00',NULL,NULL,NULL,NULL,27,1,NULL,6),(832,'Li','5.00',NULL,NULL,NULL,NULL,28,1,NULL,6),(833,'Nb','5.00',NULL,NULL,NULL,NULL,29,1,NULL,6),(834,'P','100.00',NULL,NULL,NULL,NULL,30,1,NULL,6),(835,'Ti','100.00',NULL,NULL,NULL,NULL,31,1,NULL,6),(836,'Th','4.00',NULL,NULL,NULL,NULL,32,1,NULL,6),(837,'Sr','5.00',NULL,NULL,NULL,NULL,33,1,NULL,6),(838,'U','1.00',NULL,NULL,NULL,NULL,34,1,NULL,6),(839,'Y','5.00',NULL,NULL,NULL,NULL,35,1,NULL,6),(840,'Zr','10.00',NULL,NULL,NULL,NULL,36,1,NULL,6),(841,'Rb','3.00',NULL,NULL,NULL,NULL,37,1,NULL,6),(842,'Br','1.50',NULL,NULL,NULL,NULL,38,1,NULL,6),(843,'Cl','20.00',NULL,NULL,NULL,NULL,39,1,NULL,6),(844,'Ga','2.00',NULL,NULL,NULL,NULL,40,1,NULL,6),(845,'Ge','0.10',NULL,NULL,NULL,NULL,41,1,NULL,6),(846,'I','0.50',NULL,NULL,NULL,NULL,42,1,NULL,6),(847,'N','20.00',NULL,NULL,NULL,NULL,43,1,NULL,6),(848,'S','50.00',NULL,NULL,NULL,NULL,44,1,NULL,6),(849,'Tl','0.10',NULL,NULL,NULL,NULL,45,1,NULL,6),(850,'SiO2','0.10',NULL,NULL,NULL,NULL,46,1,NULL,2),(851,'Al2O3','0.10',NULL,NULL,NULL,NULL,47,1,NULL,2),(852,'TFe2O3','0.10',NULL,NULL,NULL,NULL,48,1,NULL,2),(853,'MgO','0.10',NULL,NULL,NULL,NULL,49,1,NULL,2),(854,'CaO','0.10',NULL,NULL,NULL,NULL,50,1,NULL,2),(855,'Na2O','0.10',NULL,NULL,NULL,NULL,51,1,NULL,2),(856,'K2O','0.10',NULL,NULL,NULL,NULL,52,1,NULL,2),(857,'TC','0.10',NULL,NULL,NULL,NULL,53,1,NULL,2),(858,'Corg.','0.10',NULL,NULL,NULL,NULL,54,1,NULL,2),(859,'Ni',NULL,NULL,NULL,NULL,NULL,55,2,'0.67',NULL),(860,'Co',NULL,NULL,NULL,NULL,NULL,56,2,'0.67',NULL),(861,'S',NULL,NULL,NULL,NULL,NULL,57,2,'0.67',NULL),(862,'Cu',NULL,NULL,NULL,NULL,NULL,58,2,'1.00',NULL),(863,'Pb',NULL,NULL,NULL,NULL,NULL,59,2,'1.00',NULL),(864,'Zn',NULL,NULL,NULL,NULL,NULL,60,2,'1.00',NULL),(865,'Sn',NULL,NULL,NULL,NULL,NULL,61,2,'1.00',NULL),(866,'WO3',NULL,NULL,NULL,NULL,NULL,62,2,'1.00',NULL),(867,'Mo',NULL,NULL,NULL,NULL,NULL,63,2,'1.00',NULL),(868,'Sb',NULL,NULL,NULL,NULL,NULL,64,2,'1.00',NULL),(869,'Bi',NULL,NULL,NULL,NULL,NULL,65,2,'1.00',NULL),(870,'Hg',NULL,NULL,NULL,NULL,NULL,66,2,'1.00',NULL),(871,'Cd',NULL,NULL,NULL,NULL,NULL,67,2,'1.00',NULL),(872,'Cr2O3',NULL,NULL,NULL,NULL,NULL,68,2,'1.00',NULL),(873,'V2O5',NULL,NULL,NULL,NULL,NULL,69,2,'1.00',NULL),(874,'Fe(T)',NULL,NULL,NULL,NULL,NULL,70,2,'1.00',NULL),(875,'Fe(S)',NULL,NULL,NULL,NULL,NULL,71,2,'1.00',NULL),(876,'P',NULL,NULL,NULL,NULL,NULL,72,2,'1.00',NULL),(877,'As',NULL,NULL,NULL,NULL,NULL,73,2,'1.00',NULL),(878,'SiO2',NULL,NULL,NULL,NULL,NULL,74,2,'1.00',NULL),(879,'Al2O3',NULL,NULL,NULL,NULL,NULL,75,2,'1.00',NULL),(880,'CaO',NULL,NULL,NULL,NULL,NULL,76,2,'1.00',NULL),(881,'TiO2',NULL,NULL,NULL,NULL,NULL,77,2,'1.00',NULL),(882,'CaF',NULL,NULL,NULL,NULL,NULL,78,2,'2.00',NULL),(883,'Au',NULL,'34343','34','34','34',79,3,'1.20',NULL),(884,'Pt',NULL,'','3434','34','34',80,3,'1.40',NULL),(885,'Pd',NULL,NULL,NULL,NULL,NULL,81,3,'1.40',NULL),(886,'Ir',NULL,NULL,NULL,NULL,NULL,82,3,'1.40',NULL),(887,'Rh',NULL,NULL,NULL,NULL,NULL,83,3,'1.40',NULL),(888,'Os',NULL,NULL,NULL,NULL,NULL,84,3,'1.40',NULL),(889,'Ru',NULL,'','34','43','432',85,3,'1.40',NULL),(890,'Ag',NULL,'34','34','34','33434',86,3,'2.00',NULL),(891,'Ni',NULL,NULL,NULL,NULL,NULL,87,3,'0.67',NULL),(892,'Co',NULL,NULL,NULL,NULL,NULL,88,3,'0.67',NULL),(893,'S',NULL,NULL,NULL,NULL,NULL,89,3,'0.67',NULL),(894,'Cu',NULL,'','','','',90,3,'1.00',NULL),(895,'Pb',NULL,'','','','',91,3,'1.00',NULL),(896,'Zn',NULL,NULL,NULL,NULL,NULL,92,3,'1.00',NULL),(897,'Sn',NULL,NULL,NULL,NULL,NULL,93,3,'1.00',NULL),(898,'WO3',NULL,NULL,NULL,NULL,NULL,94,3,'1.00',NULL),(899,'Mo',NULL,NULL,NULL,NULL,NULL,95,3,'1.00',NULL),(900,'Sb',NULL,NULL,NULL,NULL,NULL,96,3,'1.00',NULL),(901,'Bi',NULL,NULL,NULL,NULL,NULL,97,3,'1.00',NULL),(902,'Hg',NULL,NULL,NULL,NULL,NULL,98,3,'1.00',NULL),(903,'Cd',NULL,NULL,NULL,NULL,NULL,99,3,'1.00',NULL),(904,'Cr2O3',NULL,NULL,NULL,NULL,NULL,100,3,'1.00',NULL),(905,'V2O5',NULL,NULL,NULL,NULL,NULL,101,3,'1.00',NULL),(906,'Fe(T)',NULL,NULL,NULL,NULL,NULL,102,3,'1.00',NULL),(907,'Fe(S)',NULL,NULL,NULL,NULL,NULL,103,3,'1.00',NULL),(908,'P',NULL,NULL,NULL,NULL,NULL,104,3,'1.00',NULL),(909,'As',NULL,NULL,NULL,NULL,NULL,105,3,'1.00',NULL),(910,'SiO2',NULL,NULL,NULL,NULL,NULL,106,3,'1.00',NULL),(911,'Al2O3',NULL,NULL,NULL,NULL,NULL,107,3,'1.00',NULL),(912,'CaO',NULL,NULL,NULL,NULL,NULL,108,3,'1.00',NULL),(913,'TiO2',NULL,NULL,NULL,NULL,NULL,109,3,'1.00',NULL),(914,'CaF',NULL,NULL,NULL,NULL,NULL,110,3,'2.00',NULL),(915,'U',NULL,'u4','u3','u2','u1',111,4,'0.67',NULL),(916,'Ra',NULL,'','','','',112,4,'0.67',NULL),(917,'Th',NULL,'t4','t3','t2','t1',113,4,'0.67',NULL),(918,'K',NULL,'k4','k3','k2','k1',114,4,'1.00',NULL),(919,'Nb2O5',NULL,NULL,NULL,NULL,NULL,115,5,'0.67',NULL),(920,'Ta2O5',NULL,NULL,NULL,NULL,NULL,116,5,'0.67',NULL),(921,'BeO',NULL,NULL,NULL,NULL,NULL,117,5,'0.67',NULL),(922,'Se',NULL,NULL,NULL,NULL,NULL,118,5,'0.67',NULL),(923,'Te',NULL,NULL,NULL,NULL,NULL,119,5,'0.67',NULL),(924,'In',NULL,NULL,NULL,NULL,NULL,120,5,'0.67',NULL),(925,'Ge',NULL,NULL,NULL,NULL,NULL,121,5,'0.67',NULL),(926,'Ga',NULL,NULL,NULL,NULL,NULL,122,5,'0.67',NULL),(927,'Tl',NULL,NULL,NULL,NULL,NULL,123,5,'0.67',NULL),(928,'Re',NULL,NULL,NULL,NULL,NULL,124,5,'0.67',NULL),(929,'Li2O',NULL,NULL,NULL,NULL,NULL,125,5,'1.00',NULL),(930,'ZrO2',NULL,NULL,NULL,NULL,NULL,126,5,'1.00',NULL),(931,'HfO2',NULL,NULL,NULL,NULL,NULL,127,5,'1.00',NULL),(932,'Rb2O',NULL,NULL,NULL,NULL,NULL,128,5,'1.00',NULL),(933,'Cs2O',NULL,NULL,NULL,NULL,NULL,129,5,'1.00',NULL),(934,'Rc2O3',NULL,NULL,NULL,NULL,NULL,130,5,'1.00',NULL),(935,'Co2O3',NULL,NULL,NULL,NULL,NULL,131,5,'1.00',NULL),(936,'La2O3',NULL,NULL,NULL,NULL,NULL,132,5,'1.00',NULL),(937,'Y2O3',NULL,NULL,NULL,NULL,NULL,133,5,'1.00',NULL),(938,'Yb2O3',NULL,NULL,NULL,NULL,NULL,134,5,'1.00',NULL),(939,'SrO',NULL,NULL,NULL,NULL,NULL,135,5,'1.00',NULL),(940,'Sc2O3',NULL,NULL,NULL,NULL,NULL,136,5,'1.00',NULL),(941,'FeO',NULL,NULL,NULL,NULL,NULL,137,6,'0.67',NULL),(942,'S',NULL,NULL,NULL,NULL,NULL,138,6,'0.67',NULL),(943,'P',NULL,NULL,NULL,NULL,NULL,139,6,'0.67',NULL),(944,'TFe',NULL,NULL,NULL,NULL,NULL,140,6,'1.00',NULL),(945,'mFe',NULL,NULL,NULL,NULL,NULL,141,6,'1.00',NULL),(946,'As',NULL,NULL,NULL,NULL,NULL,142,6,'1.00',NULL),(947,'Cu',NULL,NULL,NULL,NULL,NULL,143,6,'1.00',NULL),(948,'Pb',NULL,NULL,NULL,NULL,NULL,144,6,'1.00',NULL),(949,'Zn',NULL,NULL,NULL,NULL,NULL,145,6,'1.00',NULL),(950,'Sn',NULL,NULL,NULL,NULL,NULL,146,6,'1.00',NULL),(951,'Ni',NULL,NULL,NULL,NULL,NULL,147,6,'1.00',NULL),(952,'Mo',NULL,NULL,NULL,NULL,NULL,148,6,'1.00',NULL),(953,'Mn',NULL,NULL,NULL,NULL,NULL,149,6,'1.00',NULL),(954,'TiO2',NULL,NULL,NULL,NULL,NULL,150,6,'1.00',NULL),(955,'Cr2O3',NULL,NULL,NULL,NULL,NULL,151,6,'1.00',NULL),(956,'V2O5',NULL,NULL,NULL,NULL,NULL,152,6,'1.00',NULL),(957,'F',NULL,NULL,NULL,NULL,NULL,153,6,'1.00',NULL),(958,'H2O',NULL,NULL,NULL,NULL,NULL,154,6,'1.00',NULL),(959,'灼失量',NULL,NULL,NULL,NULL,NULL,155,6,'1.00',NULL),(960,'SiO2',NULL,NULL,NULL,NULL,NULL,156,6,'1.50',NULL),(961,'Al2O3',NULL,NULL,NULL,NULL,NULL,157,6,'1.50',NULL),(962,'CaO',NULL,NULL,NULL,NULL,NULL,158,6,'1.50',NULL),(963,'MgO',NULL,NULL,NULL,NULL,NULL,159,6,'1.50',NULL),(964,'CO2',NULL,NULL,NULL,NULL,NULL,160,6,'1.50',NULL),(965,'mFe',NULL,NULL,NULL,NULL,NULL,161,7,'2.00',NULL),(966,'硅酸铁',NULL,NULL,NULL,NULL,NULL,162,7,'2.00',NULL),(967,'碳酸铁',NULL,NULL,NULL,NULL,NULL,163,7,'2.00',NULL),(968,'黄铁矿',NULL,NULL,NULL,NULL,NULL,164,7,'2.00',NULL),(969,'赤褐铁矿',NULL,NULL,NULL,NULL,NULL,165,7,'2.00',NULL),(970,'Ag',NULL,'jiancefangfa','yiqixinghao','yiqimingcheng','yiqibianhao',166,8,NULL,NULL),(971,'Cr',NULL,NULL,NULL,NULL,NULL,167,8,NULL,NULL),(972,'B',NULL,NULL,NULL,NULL,NULL,168,8,NULL,NULL),(973,'As',NULL,NULL,NULL,NULL,NULL,169,8,NULL,NULL),(974,'Cu',NULL,NULL,NULL,NULL,NULL,170,8,NULL,NULL),(975,'Pb',NULL,NULL,NULL,NULL,NULL,171,8,NULL,NULL),(976,'Zn',NULL,'b4','b3','b2','b1',172,8,NULL,NULL),(977,'Be',NULL,NULL,NULL,NULL,NULL,173,8,NULL,NULL),(978,'Ni',NULL,NULL,NULL,NULL,NULL,174,8,NULL,NULL),(979,'Mn',NULL,NULL,NULL,NULL,NULL,175,8,NULL,NULL),(980,'Ti',NULL,NULL,NULL,NULL,NULL,176,8,NULL,NULL),(981,'Sb',NULL,NULL,NULL,NULL,NULL,177,8,NULL,NULL),(982,'Sn',NULL,NULL,NULL,NULL,NULL,178,8,NULL,NULL),(983,'Co',NULL,'c4','c3','c2','c1',179,8,NULL,NULL),(984,'Yb',NULL,NULL,NULL,NULL,NULL,180,8,NULL,NULL),(985,'Bi',NULL,NULL,NULL,NULL,NULL,181,8,NULL,NULL),(986,'W',NULL,NULL,NULL,NULL,NULL,182,8,NULL,NULL),(987,'La',NULL,NULL,NULL,NULL,NULL,183,8,NULL,NULL),(988,'Nb',NULL,NULL,NULL,NULL,NULL,184,8,NULL,NULL),(989,'Li',NULL,NULL,NULL,NULL,NULL,185,8,NULL,NULL),(990,'Ce',NULL,NULL,NULL,NULL,NULL,186,8,NULL,NULL),(991,'Zr',NULL,NULL,NULL,NULL,NULL,187,8,NULL,NULL),(992,'Sr',NULL,NULL,NULL,NULL,NULL,188,8,NULL,NULL),(993,'Ba',NULL,NULL,NULL,NULL,NULL,189,8,NULL,NULL),(994,'Mo',NULL,NULL,NULL,NULL,NULL,190,8,NULL,NULL),(995,'V',NULL,NULL,NULL,NULL,NULL,191,8,NULL,NULL),(1029,'La',NULL,NULL,NULL,NULL,NULL,225,9,'1.00',NULL),(1030,'Ce',NULL,NULL,NULL,NULL,NULL,226,9,'1.00',NULL),(1031,'Pr',NULL,NULL,NULL,NULL,NULL,227,9,'1.00',NULL),(1032,'Nd',NULL,NULL,NULL,NULL,NULL,228,9,'1.00',NULL),(1033,'Sm',NULL,NULL,NULL,NULL,NULL,229,9,'1.00',NULL),(1034,'Eu',NULL,NULL,NULL,NULL,NULL,230,9,'1.00',NULL),(1035,'Gd',NULL,NULL,NULL,NULL,NULL,231,9,'1.00',NULL),(1036,'Tb',NULL,NULL,NULL,NULL,NULL,232,9,'1.00',NULL),(1037,'Dy',NULL,NULL,NULL,NULL,NULL,233,9,'1.00',NULL),(1038,'Ho',NULL,NULL,NULL,NULL,NULL,234,9,'1.00',NULL),(1039,'Er',NULL,NULL,NULL,NULL,NULL,235,9,'1.00',NULL),(1040,'Tm',NULL,NULL,NULL,NULL,NULL,236,9,'1.00',NULL),(1041,'Yb',NULL,NULL,NULL,NULL,NULL,237,9,'1.00',NULL),(1042,'Lu',NULL,NULL,NULL,NULL,NULL,238,9,'1.00',NULL),(1043,'Y',NULL,NULL,NULL,NULL,NULL,239,9,'1.00',NULL),(1044,'Sc',NULL,NULL,NULL,NULL,NULL,240,9,'1.00',NULL),(1045,'Mn',NULL,NULL,NULL,NULL,NULL,241,10,'0.67',NULL),(1046,'Fe(T)',NULL,NULL,NULL,NULL,NULL,242,10,'1.00',NULL),(1047,'P',NULL,NULL,NULL,NULL,NULL,243,10,'1.00',NULL),(1048,'MnO2',NULL,NULL,NULL,NULL,NULL,244,11,'1.00',NULL),(1049,'Fe(T)',NULL,NULL,NULL,NULL,NULL,245,11,'1.00',NULL),(1050,'TiO2',NULL,NULL,NULL,NULL,NULL,246,12,'1.00',NULL),(1051,'TiO2',NULL,NULL,NULL,NULL,NULL,247,13,'1.00',NULL),(1052,'TiO2',NULL,NULL,NULL,NULL,NULL,248,14,'1.00',NULL),(1053,'Cr2O3',NULL,NULL,NULL,NULL,NULL,249,15,'0.67',NULL),(1054,'Fe(T)',NULL,NULL,NULL,NULL,NULL,250,15,'1.00',NULL),(1055,'FeO',NULL,NULL,NULL,NULL,NULL,251,15,'1.00',NULL),(1056,'SiO2',NULL,NULL,NULL,NULL,NULL,252,15,'1.00',NULL),(1057,'Al2O3',NULL,NULL,NULL,NULL,NULL,253,15,'1.00',NULL),(1058,'CaO',NULL,NULL,NULL,NULL,NULL,254,15,'1.00',NULL),(1059,'MgO',NULL,NULL,NULL,NULL,NULL,255,15,'1.00',NULL),(1060,'S',NULL,NULL,NULL,NULL,NULL,256,15,'1.00',NULL),(1061,'P',NULL,NULL,NULL,NULL,NULL,257,15,'1.00',NULL),(1062,'V2O5',NULL,NULL,NULL,NULL,NULL,258,16,'0.67',NULL),(1063,'I2',NULL,NULL,NULL,NULL,NULL,259,17,'0.40',NULL),(1064,'P2O5',NULL,NULL,NULL,NULL,NULL,260,17,'1.00',NULL),(1065,'R2O3',NULL,NULL,NULL,NULL,NULL,261,17,'1.00',NULL),(1066,'MgO',NULL,NULL,NULL,NULL,NULL,262,17,'1.00',NULL),(1067,'CaO',NULL,NULL,NULL,NULL,NULL,263,17,'1.00',NULL),(1068,'CO2',NULL,NULL,NULL,NULL,NULL,264,17,'1.00',NULL),(1069,'SiO2',NULL,NULL,NULL,NULL,NULL,265,17,'1.00',NULL),(1070,'F',NULL,NULL,NULL,NULL,NULL,266,17,'1.00',NULL),(1071,'Cl',NULL,NULL,NULL,NULL,NULL,267,17,'1.00',NULL),(1072,'酸不溶物',NULL,NULL,NULL,NULL,NULL,268,17,'1.00',NULL),(1073,'S',NULL,NULL,NULL,NULL,NULL,269,18,'0.67',NULL),(1074,'As',NULL,NULL,NULL,NULL,NULL,270,18,'0.67',NULL),(1075,'S(固体)',NULL,NULL,NULL,NULL,NULL,271,18,'1.00',NULL),(1076,'Fe',NULL,NULL,NULL,NULL,NULL,272,18,'1.00',NULL),(1077,'F',NULL,NULL,NULL,NULL,NULL,273,18,'1.00',NULL),(1078,'Pb',NULL,NULL,NULL,NULL,NULL,274,18,'1.00',NULL),(1079,'Zn',NULL,NULL,NULL,NULL,NULL,275,18,'1.00',NULL),(1080,'C(有机)',NULL,NULL,NULL,NULL,NULL,276,18,'1.00',NULL),(1081,'SO3',NULL,NULL,NULL,NULL,NULL,277,19,'1.00',NULL),(1082,'Al2O3',NULL,NULL,NULL,NULL,NULL,278,19,'1.00',NULL),(1083,'S2-',NULL,NULL,NULL,NULL,NULL,279,19,'1.00',NULL),(1084,'K2O',NULL,NULL,NULL,NULL,NULL,280,19,'1.00',NULL),(1085,'Na2O',NULL,NULL,NULL,NULL,NULL,281,19,'1.00',NULL),(1086,'SiO2',NULL,NULL,NULL,NULL,NULL,282,19,'1.00',NULL),(1087,'BaO',NULL,NULL,NULL,NULL,NULL,283,20,'1.00',NULL),(1088,'SiO2',NULL,NULL,NULL,NULL,NULL,284,20,'1.00',NULL),(1089,'FeO',NULL,NULL,NULL,NULL,NULL,285,20,'1.00',NULL),(1090,'Fe2O3',NULL,NULL,NULL,NULL,NULL,286,20,'1.00',NULL),(1091,'Al2O3',NULL,NULL,NULL,NULL,NULL,287,20,'1.00',NULL),(1092,'CaO',NULL,NULL,NULL,NULL,NULL,288,20,'1.00',NULL),(1093,'SO3',NULL,NULL,NULL,NULL,NULL,289,20,'1.00',NULL),(1094,'CO2',NULL,NULL,NULL,NULL,NULL,290,20,'1.00',NULL),(1095,'Cu',NULL,NULL,NULL,NULL,NULL,291,20,'1.00',NULL),(1096,'Pb',NULL,NULL,NULL,NULL,NULL,292,20,'1.00',NULL),(1097,'Mn',NULL,NULL,NULL,NULL,NULL,293,20,'1.00',NULL),(1098,'R2O3',NULL,NULL,NULL,NULL,NULL,294,20,'1.00',NULL),(1099,'可溶盐',NULL,NULL,NULL,NULL,NULL,295,20,'1.00',NULL),(1100,'BaSO4',NULL,NULL,NULL,NULL,NULL,296,20,'1.50',NULL),(1101,'CaF2',NULL,NULL,NULL,NULL,NULL,297,20,'2.00',NULL),(1102,'SrO',NULL,NULL,NULL,NULL,NULL,298,21,'1.00',NULL),(1103,'SO3',NULL,NULL,NULL,NULL,NULL,299,21,'1.00',NULL),(1104,'Fe2O3',NULL,NULL,NULL,NULL,NULL,300,21,'1.00',NULL),(1105,'CO2',NULL,NULL,NULL,NULL,NULL,301,21,'1.00',NULL),(1106,'CaF2',NULL,NULL,NULL,NULL,NULL,302,21,'1.00',NULL),(1107,'SiO2',NULL,NULL,NULL,NULL,NULL,303,21,'1.00',NULL),(1108,'Al2O3',NULL,NULL,NULL,NULL,NULL,304,21,'1.00',NULL),(1109,'CaO',NULL,NULL,NULL,NULL,NULL,305,21,'1.00',NULL),(1110,'MgO',NULL,NULL,NULL,NULL,NULL,306,21,'1.00',NULL),(1111,'SiO2',NULL,NULL,NULL,NULL,NULL,307,22,'1.00',NULL),(1112,'Al2O3',NULL,NULL,NULL,NULL,NULL,308,22,'1.00',NULL),(1113,'CaO',NULL,NULL,NULL,NULL,NULL,309,22,'1.00',NULL),(1114,'MgO',NULL,NULL,NULL,NULL,NULL,310,22,'1.00',NULL),(1115,'Fe2O3',NULL,NULL,NULL,NULL,NULL,311,22,'1.00',NULL),(1116,'K2O',NULL,NULL,NULL,NULL,NULL,312,22,'1.00',NULL),(1117,'Na2O',NULL,NULL,NULL,NULL,NULL,313,22,'1.00',NULL),(1118,'SO3',NULL,NULL,NULL,NULL,NULL,314,22,'1.00',NULL),(1119,'Cl',NULL,NULL,NULL,NULL,NULL,315,22,'1.00',NULL),(1120,'H2O',NULL,NULL,NULL,NULL,NULL,316,22,'1.00',NULL),(1121,'酸不溶物',NULL,NULL,NULL,NULL,NULL,317,22,'1.00',NULL),(1122,'SO3',NULL,NULL,NULL,NULL,NULL,318,23,'1.00',NULL),(1123,'Al2O3',NULL,NULL,NULL,NULL,NULL,319,23,'1.00',NULL),(1124,'K2O',NULL,NULL,NULL,NULL,NULL,320,23,'1.00',NULL),(1125,'Na2O',NULL,NULL,NULL,NULL,NULL,321,23,'1.00',NULL),(1126,'SiO2',NULL,NULL,NULL,NULL,NULL,322,23,'1.00',NULL),(1127,'CaO',NULL,NULL,NULL,NULL,NULL,323,23,'1.00',NULL),(1128,'MgO',NULL,NULL,NULL,NULL,NULL,324,23,'1.00',NULL),(1129,'Cl',NULL,NULL,NULL,NULL,NULL,325,23,'1.00',NULL),(1130,'Br',NULL,NULL,NULL,NULL,NULL,326,23,'1.00',NULL),(1131,'H2O',NULL,NULL,NULL,NULL,NULL,327,23,'1.00',NULL),(1132,'水不溶物',NULL,NULL,NULL,NULL,NULL,328,23,'1.00',NULL),(1133,'Na',NULL,NULL,NULL,NULL,NULL,329,24,'1.00',NULL),(1134,'K',NULL,NULL,NULL,NULL,NULL,330,24,'1.00',NULL),(1135,'Ca',NULL,NULL,NULL,NULL,NULL,331,24,'1.00',NULL),(1136,'Mg',NULL,NULL,NULL,NULL,NULL,332,24,'1.00',NULL),(1137,'Ba',NULL,NULL,NULL,NULL,NULL,333,24,'1.00',NULL),(1138,'Cl',NULL,NULL,NULL,NULL,NULL,334,24,'1.00',NULL),(1139,'SO42-',NULL,NULL,NULL,NULL,NULL,335,24,'1.00',NULL),(1140,'B2O3',NULL,NULL,NULL,NULL,NULL,336,24,'1.00',NULL),(1141,'Br',NULL,NULL,NULL,NULL,NULL,337,24,'1.00',NULL),(1142,'I',NULL,NULL,NULL,NULL,NULL,338,24,'1.00',NULL),(1143,'H2O',NULL,NULL,NULL,NULL,NULL,339,24,'1.00',NULL),(1144,'水不溶物',NULL,NULL,NULL,NULL,NULL,340,24,'1.00',NULL),(1145,'Na',NULL,NULL,NULL,NULL,NULL,341,25,'1.00',NULL),(1146,'K',NULL,NULL,NULL,NULL,NULL,342,25,'1.00',NULL),(1147,'Ca',NULL,NULL,NULL,NULL,NULL,343,25,'1.00',NULL),(1148,'Mg',NULL,NULL,NULL,NULL,NULL,344,25,'1.00',NULL),(1149,'Ba',NULL,NULL,NULL,NULL,NULL,345,25,'1.00',NULL),(1150,'Cl',NULL,NULL,NULL,NULL,NULL,346,25,'1.00',NULL),(1151,'SO42-',NULL,NULL,NULL,NULL,NULL,347,25,'1.00',NULL),(1152,'B2O3',NULL,NULL,NULL,NULL,NULL,348,25,'1.00',NULL),(1153,'Br',NULL,NULL,NULL,NULL,NULL,349,25,'1.00',NULL),(1154,'I',NULL,NULL,NULL,NULL,NULL,350,25,'1.00',NULL),(1155,'H2O',NULL,NULL,NULL,NULL,NULL,351,25,'1.00',NULL),(1156,'水不溶物',NULL,NULL,NULL,NULL,NULL,352,25,'1.00',NULL),(1157,'SiO2',NULL,NULL,NULL,NULL,NULL,353,26,'0.67',NULL),(1158,'K2O',NULL,NULL,NULL,NULL,NULL,354,26,'1.00',NULL),(1159,'Na2O',NULL,NULL,NULL,NULL,NULL,355,26,'1.00',NULL),(1160,'Fe2O3',NULL,NULL,NULL,NULL,NULL,356,26,'1.00',NULL),(1161,'CaO',NULL,NULL,NULL,NULL,NULL,357,26,'1.00',NULL),(1162,'MgO',NULL,NULL,NULL,NULL,NULL,358,26,'1.00',NULL),(1163,'TiO2',NULL,NULL,NULL,NULL,NULL,359,26,'1.00',NULL),(1164,'SO3',NULL,NULL,NULL,NULL,NULL,360,26,'1.00',NULL),(1165,'灼失量',NULL,NULL,NULL,NULL,NULL,361,26,'1.00',NULL),(1166,'SiO2',NULL,NULL,NULL,NULL,NULL,362,27,'1.00',NULL),(1167,'Fe2O3',NULL,NULL,NULL,NULL,NULL,363,27,'1.00',NULL),(1168,'Pb',NULL,NULL,NULL,NULL,NULL,364,27,'1.00',NULL),(1169,'Zn',NULL,NULL,NULL,NULL,NULL,365,27,'1.00',NULL),(1170,'MgO',NULL,NULL,NULL,NULL,NULL,366,27,'1.00',NULL),(1171,'Sb',NULL,NULL,NULL,NULL,NULL,367,27,'1.00',NULL),(1172,'S',NULL,NULL,NULL,NULL,NULL,368,27,'1.00',NULL),(1173,'BaSO4',NULL,NULL,NULL,NULL,NULL,369,27,'1.50',NULL),(1174,'CaF2',NULL,NULL,NULL,NULL,NULL,370,27,'2.00',NULL),(1175,'CaCO3',NULL,NULL,NULL,NULL,NULL,371,27,'2.00',NULL),(1176,'SiO2',NULL,NULL,NULL,NULL,NULL,372,28,'0.67',NULL),(1177,'Al2O3',NULL,NULL,NULL,NULL,NULL,373,28,'1.00',NULL),(1178,'As',NULL,NULL,NULL,NULL,NULL,374,28,'1.00',NULL),(1179,'Fe2O3',NULL,NULL,NULL,NULL,NULL,375,28,'1.00',NULL),(1180,'CaO',NULL,NULL,NULL,NULL,NULL,376,28,'1.00',NULL),(1181,'MgO',NULL,NULL,NULL,NULL,NULL,377,28,'1.00',NULL),(1182,'TiO2',NULL,NULL,NULL,NULL,NULL,378,28,'1.00',NULL),(1183,'H2O',NULL,NULL,NULL,NULL,NULL,379,28,'1.00',NULL),(1184,'灼失量',NULL,NULL,NULL,NULL,NULL,380,28,'1.00',NULL),(1185,'S',NULL,NULL,NULL,NULL,NULL,381,29,'0.67',NULL),(1186,'Ni',NULL,NULL,NULL,NULL,NULL,382,29,'0.67',NULL),(1187,'SiO2',NULL,NULL,NULL,NULL,NULL,383,29,'1.00',NULL),(1188,'Fe2O3',NULL,NULL,NULL,NULL,NULL,384,29,'1.00',NULL),(1189,'Al2O3',NULL,NULL,NULL,NULL,NULL,385,29,'1.00',NULL),(1190,'CaO',NULL,NULL,NULL,NULL,NULL,386,29,'1.00',NULL),(1191,'MgO',NULL,NULL,NULL,NULL,NULL,387,29,'1.00',NULL),(1192,'FeO',NULL,NULL,NULL,NULL,NULL,388,29,'1.00',NULL),(1193,'P',NULL,NULL,NULL,NULL,NULL,389,29,'1.00',NULL),(1194,'灼失量',NULL,NULL,NULL,NULL,NULL,390,29,'1.00',NULL),(1195,'SiO2',NULL,NULL,NULL,NULL,NULL,391,30,'0.67',NULL),(1196,'Fe2O3',NULL,NULL,NULL,NULL,NULL,392,30,'1.00',NULL),(1197,'Al2O3',NULL,NULL,NULL,NULL,NULL,393,30,'1.00',NULL),(1198,'CaO',NULL,NULL,NULL,NULL,NULL,394,30,'1.00',NULL),(1199,'MgO',NULL,NULL,NULL,NULL,NULL,395,30,'1.00',NULL),(1200,'TiO2',NULL,NULL,NULL,NULL,NULL,396,30,'1.00',NULL),(1201,'S',NULL,NULL,NULL,NULL,NULL,397,30,'1.00',NULL),(1202,'CO2',NULL,NULL,NULL,NULL,NULL,398,30,'1.00',NULL),(1203,'P2O5',NULL,NULL,NULL,NULL,NULL,399,30,'1.00',NULL),(1204,'灼失量',NULL,NULL,NULL,NULL,NULL,400,30,'1.00',NULL),(1205,'SiO2',NULL,NULL,NULL,NULL,NULL,401,31,'1.00',NULL),(1206,'Fe2O3',NULL,NULL,NULL,NULL,NULL,402,31,'1.00',NULL),(1207,'Al2O3',NULL,NULL,NULL,NULL,NULL,403,31,'1.00',NULL),(1208,'CaO',NULL,NULL,NULL,NULL,NULL,404,31,'1.00',NULL),(1209,'MgO',NULL,NULL,NULL,NULL,NULL,405,31,'1.00',NULL),(1210,'TiO2',NULL,NULL,NULL,NULL,NULL,406,31,'1.00',NULL),(1211,'MgO',NULL,NULL,NULL,NULL,NULL,407,31,'1.00',NULL),(1212,'TiO2',NULL,NULL,NULL,NULL,NULL,408,31,'1.00',NULL),(1213,'MnO',NULL,NULL,NULL,NULL,NULL,409,31,'1.00',NULL),(1214,'SO3(TS)',NULL,NULL,NULL,NULL,NULL,410,31,'1.00',NULL),(1215,'SO2',NULL,NULL,NULL,NULL,NULL,411,31,'1.00',NULL),(1216,'SiO2',NULL,NULL,NULL,NULL,NULL,412,32,'1.00',NULL),(1217,'Fe2O3',NULL,NULL,NULL,NULL,NULL,413,32,'1.00',NULL),(1218,'Al2O3',NULL,NULL,NULL,NULL,NULL,414,32,'1.00',NULL),(1219,'CaO',NULL,NULL,NULL,NULL,NULL,415,32,'1.00',NULL),(1220,'MgO',NULL,NULL,NULL,NULL,NULL,416,32,'1.00',NULL),(1221,'TiO2',NULL,NULL,NULL,NULL,NULL,417,32,'1.00',NULL),(1222,'K2O',NULL,NULL,NULL,NULL,NULL,418,32,'1.00',NULL),(1223,'Na2O',NULL,NULL,NULL,NULL,NULL,419,32,'1.00',NULL),(1224,'灼失量',NULL,NULL,NULL,NULL,NULL,420,32,'1.00',NULL),(1225,'SiO2',NULL,NULL,NULL,NULL,NULL,421,33,'1.00',NULL),(1226,'Fe2O3',NULL,NULL,NULL,NULL,NULL,422,33,'1.00',NULL),(1227,'Al2O3',NULL,NULL,NULL,NULL,NULL,423,33,'1.00',NULL),(1228,'CaO',NULL,NULL,NULL,NULL,NULL,424,33,'1.00',NULL),(1229,'MgO',NULL,NULL,NULL,NULL,NULL,425,33,'1.00',NULL),(1230,'TiO2',NULL,NULL,NULL,NULL,NULL,426,33,'1.00',NULL),(1231,'K2O',NULL,NULL,NULL,NULL,NULL,427,33,'1.00',NULL),(1232,'Na2O',NULL,NULL,NULL,NULL,NULL,428,33,'1.00',NULL),(1233,'SO3(TS)',NULL,NULL,NULL,NULL,NULL,429,33,'1.00',NULL),(1234,'灼失量',NULL,NULL,NULL,NULL,NULL,430,33,'1.00',NULL),(1235,'SiO2',NULL,NULL,NULL,NULL,NULL,431,34,'1.00',NULL),(1236,'Fe2O3',NULL,NULL,NULL,NULL,NULL,432,34,'1.00',NULL),(1237,'Al2O3',NULL,NULL,NULL,NULL,NULL,433,34,'1.00',NULL),(1238,'CaO',NULL,NULL,NULL,NULL,NULL,434,34,'1.00',NULL),(1239,'MgO',NULL,NULL,NULL,NULL,NULL,435,34,'1.00',NULL),(1240,'TiO2',NULL,NULL,NULL,NULL,NULL,436,34,'1.00',NULL),(1241,'K2O',NULL,NULL,NULL,NULL,NULL,437,34,'1.00',NULL),(1242,'Na2O',NULL,NULL,NULL,NULL,NULL,438,34,'1.00',NULL),(1243,'SO3(TS)',NULL,NULL,NULL,NULL,NULL,439,34,'1.00',NULL),(1244,'灼失量',NULL,NULL,NULL,NULL,NULL,440,34,'1.00',NULL),(1245,'SiO2',NULL,NULL,NULL,NULL,NULL,441,35,'1.00',NULL),(1246,'Fe2O3',NULL,NULL,NULL,NULL,NULL,442,35,'1.00',NULL),(1247,'Al2O3',NULL,NULL,NULL,NULL,NULL,443,35,'1.00',NULL),(1248,'CaO',NULL,NULL,NULL,NULL,NULL,444,35,'1.00',NULL),(1249,'MgO',NULL,NULL,NULL,NULL,NULL,445,35,'1.00',NULL),(1250,'TiO2',NULL,NULL,NULL,NULL,NULL,446,35,'1.00',NULL),(1251,'K2O',NULL,NULL,NULL,NULL,NULL,447,35,'1.00',NULL),(1252,'Na2O',NULL,NULL,NULL,NULL,NULL,448,35,'1.00',NULL),(1253,'SO3(TS)',NULL,NULL,NULL,NULL,NULL,449,35,'1.00',NULL),(1254,'灼失量',NULL,NULL,NULL,NULL,NULL,450,35,'1.00',NULL),(1255,'SiO2',NULL,NULL,NULL,NULL,NULL,451,36,'1.00',NULL),(1256,'Fe2O3',NULL,NULL,NULL,NULL,NULL,452,36,'1.00',NULL),(1257,'Al2O3',NULL,NULL,NULL,NULL,NULL,453,36,'1.00',NULL),(1258,'CaO',NULL,NULL,NULL,NULL,NULL,454,36,'1.00',NULL),(1259,'P2O5',NULL,NULL,NULL,NULL,NULL,455,36,'1.00',NULL),(1260,'SiO2',NULL,NULL,NULL,NULL,NULL,456,37,'0.67',NULL),(1261,'Fe2O3',NULL,NULL,NULL,NULL,NULL,457,37,'1.00',NULL),(1262,'Al2O3',NULL,NULL,NULL,NULL,NULL,458,37,'1.00',NULL),(1263,'CaO',NULL,NULL,NULL,NULL,NULL,459,37,'1.00',NULL),(1264,'MgO',NULL,NULL,NULL,NULL,NULL,460,37,'1.00',NULL),(1265,'K2O',NULL,NULL,NULL,NULL,NULL,461,37,'1.00',NULL),(1266,'Na2O',NULL,NULL,NULL,NULL,NULL,462,37,'1.00',NULL),(1267,'S2-',NULL,NULL,NULL,NULL,NULL,463,37,'1.00',NULL),(1268,'灼失量',NULL,NULL,NULL,NULL,NULL,464,37,'1.00',NULL),(1269,'SiO2',NULL,NULL,NULL,NULL,NULL,465,38,'0.67',NULL),(1270,'Cr2O3',NULL,NULL,NULL,NULL,NULL,466,38,'0.67',NULL),(1271,'Fe2O3',NULL,NULL,NULL,NULL,NULL,467,38,'1.00',NULL),(1272,'Al2O3',NULL,NULL,NULL,NULL,NULL,468,38,'1.00',NULL),(1273,'TiO2',NULL,NULL,NULL,NULL,NULL,469,38,'1.00',NULL),(1274,'TiO2',NULL,NULL,NULL,NULL,NULL,470,39,'1.00',NULL),(1275,'CaO',NULL,NULL,NULL,NULL,NULL,471,39,'1.00',NULL),(1276,'MgO',NULL,NULL,NULL,NULL,NULL,472,39,'1.00',NULL),(1277,'K2O',NULL,NULL,NULL,NULL,NULL,473,39,'1.00',NULL),(1278,'Na2O',NULL,NULL,NULL,NULL,NULL,474,39,'1.00',NULL),(1279,'灼失量',NULL,NULL,NULL,NULL,NULL,475,39,'1.00',NULL),(1280,'CaO',NULL,NULL,NULL,NULL,NULL,476,40,'0.67',NULL),(1281,'MgO',NULL,NULL,NULL,NULL,NULL,477,40,'1.00',NULL),(1282,'SiO2',NULL,NULL,NULL,NULL,NULL,478,40,'1.00',NULL),(1283,'R2O3',NULL,NULL,NULL,NULL,NULL,479,40,'1.00',NULL),(1284,'P2O5',NULL,NULL,NULL,NULL,NULL,480,40,'1.00',NULL),(1285,'SO3(TS)',NULL,NULL,NULL,NULL,NULL,481,40,'1.00',NULL),(1286,'灼失量',NULL,NULL,NULL,NULL,NULL,482,40,'1.00',NULL),(1287,'酸不溶物',NULL,NULL,NULL,NULL,NULL,483,40,'1.00',NULL),(1288,'CaO',NULL,NULL,NULL,NULL,NULL,484,41,'0.67',NULL),(1289,'MgO',NULL,NULL,NULL,NULL,NULL,485,41,'1.00',NULL),(1290,'SiO2',NULL,NULL,NULL,NULL,NULL,486,41,'1.00',NULL),(1291,'R2O3',NULL,NULL,NULL,NULL,NULL,487,41,'1.00',NULL),(1292,'Fe2O3',NULL,NULL,NULL,NULL,NULL,488,41,'1.00',NULL),(1293,'P',NULL,NULL,NULL,NULL,NULL,489,41,'1.00',NULL),(1294,'S',NULL,NULL,NULL,NULL,NULL,490,41,'1.00',NULL),(1295,'As',NULL,NULL,NULL,NULL,NULL,491,41,'1.00',NULL),(1296,'CO2',NULL,NULL,NULL,NULL,NULL,492,41,'1.00',NULL),(1297,'H2O',NULL,NULL,NULL,NULL,NULL,493,41,'1.00',NULL),(1298,'灼失量',NULL,NULL,NULL,NULL,NULL,494,41,'1.00',NULL),(1299,'酸不溶物',NULL,NULL,NULL,NULL,NULL,495,41,'1.00',NULL),(1300,'CaO',NULL,NULL,NULL,NULL,NULL,496,42,'0.67',NULL),(1301,'MgO',NULL,NULL,NULL,NULL,NULL,497,42,'1.00',NULL),(1302,'SiO2',NULL,NULL,NULL,NULL,NULL,498,42,'1.00',NULL),(1303,'R2O3',NULL,NULL,NULL,NULL,NULL,499,42,'1.00',NULL),(1304,'P',NULL,NULL,NULL,NULL,NULL,500,42,'1.00',NULL),(1305,'S',NULL,NULL,NULL,NULL,NULL,501,42,'1.00',NULL),(1306,'CaO',NULL,NULL,NULL,NULL,NULL,502,43,'0.67',NULL),(1307,'MgO',NULL,NULL,NULL,NULL,NULL,503,43,'1.00',NULL),(1308,'SiO2',NULL,NULL,NULL,NULL,NULL,504,43,'1.00',NULL),(1309,'SiO2(F)',NULL,NULL,NULL,NULL,NULL,505,43,'1.00',NULL),(1310,'Al2O3',NULL,NULL,NULL,NULL,NULL,506,43,'1.00',NULL),(1311,'TiO2',NULL,NULL,NULL,NULL,NULL,507,43,'1.00',NULL),(1312,'Fe2O3',NULL,NULL,NULL,NULL,NULL,508,43,'1.00',NULL),(1313,'K2O',NULL,NULL,NULL,NULL,NULL,509,43,'1.00',NULL),(1314,'Na2O',NULL,NULL,NULL,NULL,NULL,510,43,'1.00',NULL),(1315,'Mn3O4(TMn)',NULL,NULL,NULL,NULL,NULL,511,43,'1.00',NULL),(1316,'P2O5',NULL,NULL,NULL,NULL,NULL,512,43,'1.00',NULL),(1317,'SO3(TS)',NULL,NULL,NULL,NULL,NULL,513,43,'1.00',NULL),(1318,'灼失量',NULL,NULL,NULL,NULL,NULL,514,43,'1.00',NULL),(1319,'Cl',NULL,NULL,NULL,NULL,NULL,515,43,'1.50',NULL),(1320,'SiO2',NULL,NULL,NULL,NULL,NULL,516,44,'0.67',NULL),(1321,'CaO',NULL,NULL,NULL,NULL,NULL,517,44,'1.00',NULL),(1322,'MgO',NULL,NULL,NULL,NULL,NULL,518,44,'1.00',NULL),(1323,'Al2O3',NULL,NULL,NULL,NULL,NULL,519,44,'1.00',NULL),(1324,'TiO2',NULL,NULL,NULL,NULL,NULL,520,44,'1.00',NULL),(1325,'Fe2O3',NULL,NULL,NULL,NULL,NULL,521,44,'1.00',NULL),(1326,'K2O',NULL,NULL,NULL,NULL,NULL,522,44,'1.00',NULL),(1327,'Na2O',NULL,NULL,NULL,NULL,NULL,523,44,'1.00',NULL),(1328,'Mn3O4',NULL,NULL,NULL,NULL,NULL,524,44,'1.00',NULL),(1329,'P2O5',NULL,NULL,NULL,NULL,NULL,525,44,'1.00',NULL),(1330,'SO3(TS)',NULL,NULL,NULL,NULL,NULL,526,44,'1.00',NULL),(1331,'灼失量',NULL,NULL,NULL,NULL,NULL,527,44,'1.00',NULL),(1332,'CaO',NULL,NULL,NULL,NULL,NULL,528,45,'0.67',NULL),(1333,'MgO',NULL,NULL,NULL,NULL,NULL,529,45,'1.00',NULL),(1334,'SiO2',NULL,NULL,NULL,NULL,NULL,530,45,'1.00',NULL),(1335,'Fe2O3',NULL,NULL,NULL,NULL,NULL,531,45,'1.00',NULL),(1336,'Al2O3',NULL,NULL,NULL,NULL,NULL,532,45,'1.00',NULL),(1337,'SO3',NULL,NULL,NULL,NULL,NULL,533,45,'1.00',NULL),(1338,'灼失量',NULL,NULL,NULL,NULL,NULL,534,45,'1.00',NULL),(1339,'CaO',NULL,NULL,NULL,NULL,NULL,535,46,'0.67',NULL),(1340,'SiO2',NULL,NULL,NULL,NULL,NULL,536,46,'0.67',NULL),(1341,'MgO',NULL,NULL,NULL,NULL,NULL,537,46,'1.00',NULL),(1342,'Fe2O3',NULL,NULL,NULL,NULL,NULL,538,46,'1.00',NULL),(1343,'Al2O3',NULL,NULL,NULL,NULL,NULL,539,46,'1.00',NULL),(1344,'CO2',NULL,NULL,NULL,NULL,NULL,540,46,'1.00',NULL),(1345,'灼失量',NULL,NULL,NULL,NULL,NULL,541,46,'1.00',NULL),(1346,'CaO',NULL,NULL,NULL,NULL,NULL,542,47,'0.67',NULL),(1347,'MgO',NULL,NULL,NULL,NULL,NULL,543,47,'0.67',NULL),(1348,'SiO2',NULL,NULL,NULL,NULL,NULL,544,47,'1.00',NULL),(1349,'Fe2O3',NULL,NULL,NULL,NULL,NULL,545,47,'1.00',NULL),(1350,'Al2O3',NULL,NULL,NULL,NULL,NULL,546,47,'1.00',NULL),(1351,'TiO2',NULL,NULL,NULL,NULL,NULL,547,47,'1.00',NULL),(1352,'Mn3O4',NULL,NULL,NULL,NULL,NULL,548,47,'1.00',NULL),(1353,'P',NULL,NULL,NULL,NULL,NULL,549,47,'1.00',NULL),(1354,'酸不溶物',NULL,NULL,NULL,NULL,NULL,550,47,'1.00',NULL),(1355,'CaO',NULL,NULL,NULL,NULL,NULL,551,48,'0.67',NULL),(1356,'MgO',NULL,NULL,NULL,NULL,NULL,552,48,'0.67',NULL),(1357,'Fe2O3',NULL,NULL,NULL,NULL,NULL,553,48,'1.00',NULL),(1358,'Al2O3',NULL,NULL,NULL,NULL,NULL,554,48,'1.00',NULL),(1359,'MgO',NULL,NULL,NULL,NULL,NULL,555,49,'0.67',NULL),(1360,'CaO',NULL,NULL,NULL,NULL,NULL,556,49,'1.00',NULL),(1361,'SiO2',NULL,NULL,NULL,NULL,NULL,557,49,'1.00',NULL),(1362,'Fe2O3',NULL,NULL,NULL,NULL,NULL,558,49,'1.00',NULL),(1363,'Al2O3',NULL,NULL,NULL,NULL,NULL,559,49,'1.00',NULL),(1364,'CO2',NULL,NULL,NULL,NULL,NULL,560,49,'1.00',NULL),(1365,'灼失量',NULL,NULL,NULL,NULL,NULL,561,49,'1.00',NULL),(1366,'SO42-',NULL,NULL,NULL,NULL,NULL,562,50,'0.67',NULL),(1367,'K',NULL,NULL,NULL,NULL,NULL,563,50,'1.00',NULL),(1368,'Na',NULL,NULL,NULL,NULL,NULL,564,50,'1.00',NULL),(1369,'B2O3',NULL,NULL,NULL,NULL,NULL,565,50,'1.00',NULL),(1370,'CO32-',NULL,NULL,NULL,NULL,NULL,566,50,'1.00',NULL),(1371,'HCO3-',NULL,NULL,NULL,NULL,NULL,567,50,'1.00',NULL),(1372,'Cl-',NULL,NULL,NULL,NULL,NULL,568,50,'1.00',NULL),(1373,'H2O',NULL,NULL,NULL,NULL,NULL,569,50,'1.00',NULL),(1374,'水不溶物',NULL,NULL,NULL,NULL,NULL,570,50,'1.00',NULL),(1375,'B2O3',NULL,NULL,NULL,NULL,NULL,571,51,'1.00',NULL),(1376,'SiO2',NULL,NULL,NULL,NULL,NULL,572,51,'1.00',NULL),(1377,'Al2O3',NULL,NULL,NULL,NULL,NULL,573,51,'1.00',NULL),(1378,'Fe2O3',NULL,NULL,NULL,NULL,NULL,574,51,'1.00',NULL),(1379,'MgO',NULL,NULL,NULL,NULL,NULL,575,51,'1.00',NULL),(1380,'CaO',NULL,NULL,NULL,NULL,NULL,576,51,'1.00',NULL),(1381,'CO2',NULL,NULL,NULL,NULL,NULL,577,51,'1.00',NULL),(1382,'H2O',NULL,NULL,NULL,NULL,NULL,578,51,'1.00',NULL),(1383,'酸不溶物',NULL,NULL,NULL,NULL,NULL,579,51,'1.00',NULL),(1384,'SiO2',NULL,NULL,NULL,NULL,NULL,580,52,'0.67',NULL),(1385,'C(固定碳)',NULL,NULL,NULL,NULL,NULL,581,52,'1.00',NULL),(1386,'MgO',NULL,NULL,NULL,NULL,NULL,582,52,'1.00',NULL),(1387,'Al2O3',NULL,NULL,NULL,NULL,NULL,583,52,'1.00',NULL),(1388,'Fe2O3',NULL,NULL,NULL,NULL,NULL,584,52,'1.00',NULL),(1389,'CaO',NULL,NULL,NULL,NULL,NULL,585,52,'1.00',NULL),(1390,'S',NULL,NULL,NULL,NULL,NULL,586,52,'1.00',NULL),(1391,'水分',NULL,NULL,NULL,NULL,NULL,587,52,'1.00',NULL),(1392,'灰分',NULL,NULL,NULL,NULL,NULL,588,52,'1.00',NULL),(1393,'挥发份',NULL,NULL,NULL,NULL,NULL,589,52,'1.00',NULL),(1394,'SiO2',NULL,NULL,NULL,NULL,NULL,590,53,'0.67',NULL),(1395,'Al2O3',NULL,NULL,NULL,NULL,NULL,591,53,'1.00',NULL),(1396,'Fe2O3',NULL,NULL,NULL,NULL,NULL,592,53,'1.00',NULL),(1397,'CaO',NULL,NULL,NULL,NULL,NULL,593,53,'1.00',NULL),(1398,'MgO',NULL,NULL,NULL,NULL,NULL,594,53,'1.00',NULL),(1399,'K2O',NULL,NULL,NULL,NULL,NULL,595,53,'1.00',NULL),(1400,'Na2O',NULL,NULL,NULL,NULL,NULL,596,53,'1.00',NULL),(1401,'TiO2',NULL,NULL,NULL,NULL,NULL,597,53,'1.00',NULL),(1402,'MnO(TMn)',NULL,NULL,NULL,NULL,NULL,598,53,'1.00',NULL),(1403,'SO3(TS)',NULL,NULL,NULL,NULL,NULL,599,53,'1.00',NULL),(1404,'P2O5',NULL,NULL,NULL,NULL,NULL,600,53,'1.00',NULL),(1405,'H2O',NULL,NULL,NULL,NULL,NULL,601,53,'1.00',NULL),(1406,'F',NULL,NULL,NULL,NULL,NULL,602,53,'1.00',NULL),(1407,'Cl',NULL,NULL,NULL,NULL,NULL,603,53,'1.00',NULL),(1408,'CO2',NULL,NULL,NULL,NULL,NULL,604,53,'1.00',NULL),(1409,'灼失量',NULL,NULL,NULL,NULL,NULL,605,53,'1.00',NULL),(1410,'FeO',NULL,NULL,NULL,NULL,NULL,606,53,'1.50',NULL),(1411,'SiO2',NULL,NULL,NULL,NULL,NULL,607,54,'0.67',NULL),(1412,'Al2O3',NULL,NULL,NULL,NULL,NULL,608,54,'1.00',NULL),(1413,'Fe2O3',NULL,NULL,NULL,NULL,NULL,609,54,'1.00',NULL),(1414,'CaO',NULL,NULL,NULL,NULL,NULL,610,54,'1.00',NULL),(1415,'MgO',NULL,NULL,NULL,NULL,NULL,611,54,'1.00',NULL),(1416,'H2O',NULL,NULL,NULL,NULL,NULL,612,54,'1.00',NULL),(1417,'灼失量',NULL,NULL,NULL,NULL,NULL,613,54,'1.00',NULL),(1418,'H',NULL,NULL,NULL,NULL,NULL,614,55,'0.67',NULL),(1419,'N',NULL,NULL,NULL,NULL,NULL,615,55,'0.67',NULL),(1420,'灰分',NULL,NULL,NULL,NULL,NULL,616,55,'0.67',NULL),(1421,'不被水解物',NULL,NULL,NULL,NULL,NULL,617,55,'0.67',NULL),(1422,'SiO2',NULL,NULL,NULL,NULL,NULL,618,55,'1.00',NULL),(1423,'Al2O3',NULL,NULL,NULL,NULL,NULL,619,55,'1.00',NULL),(1424,'Fe2O3',NULL,NULL,NULL,NULL,NULL,620,55,'1.00',NULL),(1425,'CaO',NULL,NULL,NULL,NULL,NULL,621,55,'1.00',NULL),(1426,'MgO',NULL,NULL,NULL,NULL,NULL,622,55,'1.00',NULL),(1427,'K2O',NULL,NULL,NULL,NULL,NULL,623,55,'1.00',NULL),(1428,'Na2O',NULL,NULL,NULL,NULL,NULL,624,55,'1.00',NULL),(1429,'TiO2',NULL,NULL,NULL,NULL,NULL,625,55,'1.00',NULL),(1430,'SO3',NULL,NULL,NULL,NULL,NULL,626,55,'1.00',NULL),(1431,'P2O5',NULL,NULL,NULL,NULL,NULL,627,55,'1.00',NULL),(1432,'CO2',NULL,NULL,NULL,NULL,NULL,628,55,'1.00',NULL),(1433,'水分',NULL,NULL,NULL,NULL,NULL,629,55,'1.00',NULL),(1434,'C',NULL,NULL,NULL,NULL,NULL,630,55,'1.50',NULL),(1435,'苯抽出物',NULL,NULL,NULL,NULL,NULL,631,55,'1.50',NULL),(1436,'还原糖',NULL,NULL,NULL,NULL,NULL,632,55,'1.50',NULL),(1437,'含水量',NULL,NULL,NULL,NULL,NULL,633,55,'2.00',NULL),(1438,'纤维含量',NULL,NULL,NULL,NULL,NULL,634,55,'2.00',NULL),(1439,'易水解物',NULL,NULL,NULL,NULL,NULL,635,55,'2.00',NULL),(1440,'难水解物',NULL,NULL,NULL,NULL,NULL,636,55,'2.00',NULL),(1441,'腐植酸',NULL,NULL,NULL,NULL,NULL,637,55,'2.00',NULL),(1442,'Co',NULL,NULL,NULL,NULL,NULL,638,56,'0.67',NULL),(1443,'Cr2O3',NULL,NULL,NULL,NULL,NULL,639,56,'0.67',NULL),(1444,'V2O5',NULL,NULL,NULL,NULL,NULL,640,57,'0.67',NULL),(1445,'S',NULL,NULL,NULL,NULL,NULL,641,57,'0.67',NULL),(1446,'P',NULL,NULL,NULL,NULL,NULL,642,57,'0.67',NULL),(1447,'Cu',NULL,NULL,NULL,NULL,NULL,643,58,'0.67',NULL),(1448,'Ni',NULL,NULL,NULL,NULL,NULL,644,59,'0.67',NULL),(1449,'Co',NULL,NULL,NULL,NULL,NULL,645,60,'0.67',NULL),(1450,'Sn',NULL,NULL,NULL,NULL,NULL,646,61,'0.67',NULL),(1451,'WO3',NULL,NULL,NULL,NULL,NULL,647,62,'0.67',NULL),(1452,'Mn',NULL,NULL,NULL,NULL,NULL,648,62,'0.67',NULL),(1453,'S',NULL,NULL,NULL,NULL,NULL,649,62,'0.67',NULL),(1454,'Mo',NULL,NULL,NULL,NULL,NULL,650,63,'0.67',NULL),(1455,'Sn',NULL,NULL,NULL,NULL,NULL,651,63,'0.67',NULL),(1456,'P',NULL,NULL,NULL,NULL,NULL,652,63,'0.67',NULL),(1457,'Bi',NULL,NULL,NULL,NULL,NULL,653,64,'0.67',NULL),(1458,'Hg',NULL,NULL,NULL,NULL,NULL,654,65,'0.67',NULL),(1459,'Se',NULL,NULL,NULL,NULL,NULL,655,65,'0.67',NULL),(1460,'Nb2O5',NULL,NULL,NULL,NULL,NULL,656,66,'0.67',NULL),(1461,'Ta2O5',NULL,NULL,NULL,NULL,NULL,657,66,'0.67',NULL),(1462,'P',NULL,NULL,NULL,NULL,NULL,658,66,'0.67',NULL),(1463,'S',NULL,NULL,NULL,NULL,NULL,659,66,'0.67',NULL),(1464,'BeO',NULL,NULL,NULL,NULL,NULL,660,67,'0.67',NULL),(1465,'Li2O',NULL,NULL,NULL,NULL,NULL,661,67,'0.67',NULL),(1466,'ZrO2+HfO2',NULL,NULL,NULL,NULL,NULL,662,68,'0.67',NULL),(1467,'S',NULL,NULL,NULL,NULL,NULL,663,69,'0.67',NULL),(1609,'Ni',NULL,NULL,NULL,NULL,NULL,200,4,'0.67',NULL),(1610,'Co',NULL,NULL,NULL,NULL,NULL,201,4,'0.67',NULL),(1611,'S',NULL,NULL,NULL,NULL,NULL,202,4,'0.67',NULL),(1612,'Cu',NULL,NULL,NULL,NULL,NULL,203,4,'1.00',NULL),(1613,'Pb',NULL,NULL,NULL,NULL,NULL,204,4,'1.00',NULL),(1614,'Zn',NULL,NULL,NULL,NULL,NULL,205,4,'1.00',NULL),(1615,'Sn',NULL,NULL,NULL,NULL,NULL,206,4,'1.00',NULL),(1616,'WO3',NULL,NULL,NULL,NULL,NULL,207,4,'1.00',NULL),(1617,'Mo',NULL,NULL,NULL,NULL,NULL,208,4,'1.00',NULL),(1618,'Sb',NULL,NULL,NULL,NULL,NULL,209,4,'1.00',NULL),(1619,'Bi',NULL,NULL,NULL,NULL,NULL,210,4,'1.00',NULL),(1620,'Hg',NULL,NULL,NULL,NULL,NULL,211,4,'1.00',NULL),(1621,'Cd',NULL,NULL,NULL,NULL,NULL,212,4,'1.00',NULL),(1622,'Cr2O3',NULL,NULL,NULL,NULL,NULL,213,4,'1.00',NULL),(1623,'V2O5',NULL,NULL,NULL,NULL,NULL,214,4,'1.00',NULL),(1624,'Fe(T)',NULL,NULL,NULL,NULL,NULL,215,4,'1.00',NULL),(1625,'Fe(S)',NULL,NULL,NULL,NULL,NULL,216,4,'1.00',NULL),(1626,'P',NULL,NULL,NULL,NULL,NULL,217,4,'1.00',NULL),(1627,'As',NULL,NULL,NULL,NULL,NULL,218,4,'1.00',NULL),(1628,'SiO2',NULL,NULL,NULL,NULL,NULL,219,4,'1.00',NULL),(1629,'Al2O3',NULL,NULL,NULL,NULL,NULL,220,4,'1.00',NULL),(1630,'CaO',NULL,NULL,NULL,NULL,NULL,221,4,'1.00',NULL),(1631,'TiO2',NULL,NULL,NULL,NULL,NULL,222,4,'1.00',NULL),(1632,'CaF',NULL,NULL,NULL,NULL,NULL,223,4,'2.00',NULL),(1633,'AA','1.00','1','1','11','1',0,76,'1.00',9);

/*Table structure for table `t_role_menu` */

DROP TABLE IF EXISTS `t_role_menu`;

CREATE TABLE `t_role_menu` (
  `id` int(11) NOT NULL AUTO_INCREMENT,
  `menu_id` int(11) DEFAULT NULL,
  `role_id` int(11) DEFAULT NULL,
  PRIMARY KEY (`id`),
  KEY `FKhayg4ib6v7h1wyeyxhq6xlddq` (`menu_id`),
  KEY `FKsonb0rbt2u99hbrqqvv3r0wse` (`role_id`),
  CONSTRAINT `FKhayg4ib6v7h1wyeyxhq6xlddq` FOREIGN KEY (`menu_id`) REFERENCES `t_menu` (`id`),
  CONSTRAINT `FKsonb0rbt2u99hbrqqvv3r0wse` FOREIGN KEY (`role_id`) REFERENCES `t_a_role` (`id`)
) ENGINE=InnoDB AUTO_INCREMENT=869 DEFAULT CHARSET=utf8;

/*Data for the table `t_role_menu` */

insert  into `t_role_menu`(`id`,`menu_id`,`role_id`) values (763,1,3),(764,2,3),(765,5,3),(766,18,3),(767,19,3),(768,20,3),(769,21,3),(770,22,3),(771,23,3),(772,33,3),(773,28,3),(774,29,3),(775,30,3),(776,38,3),(777,39,3),(778,40,3),(779,41,3),(780,42,3),(781,1,5),(782,19,5),(783,20,5),(784,33,5),(785,24,5),(839,1,6),(840,2,6),(841,5,6),(842,10,6),(843,44,6),(844,18,6),(845,19,6),(846,20,6),(847,21,6),(848,22,6),(849,23,6),(850,33,6),(851,24,6),(852,26,6),(853,27,6),(854,28,6),(855,29,6),(856,43,6),(857,30,6),(858,31,6),(859,32,6),(860,34,6),(861,35,6),(862,36,6),(863,37,6),(864,38,6),(865,39,6),(866,40,6),(867,41,6),(868,42,6);

/*Table structure for table `t_send_sample` */

DROP TABLE IF EXISTS `t_send_sample`;

CREATE TABLE `t_send_sample` (
  `id` int(11) NOT NULL AUTO_INCREMENT,
  `order_no` int(9) DEFAULT NULL COMMENT '排序',
  `project` varchar(100) DEFAULT NULL COMMENT '检测项目',
  `smaple_name` varchar(100) DEFAULT NULL COMMENT '样品名称',
  `smaple_state` varchar(100) DEFAULT NULL COMMENT '样品状态',
  `state` int(5) NOT NULL COMMENT '0上传的   1平行样  2标样',
  `register_id` int(11) DEFAULT NULL COMMENT '委托登记id',
  `rock_id` int(11) DEFAULT NULL COMMENT '岩石类型',
  `test_number` varchar(55) DEFAULT NULL COMMENT '检测编号.',
  `qcorder` int(9) DEFAULT NULL COMMENT '默认排序',
  PRIMARY KEY (`id`),
  KEY `FKky0mc553bpiuhvucuiuhikibp` (`register_id`),
  KEY `FK1gj519icfrkx57am54j2h62w4` (`rock_id`),
  CONSTRAINT `FK1gj519icfrkx57am54j2h62w4` FOREIGN KEY (`rock_id`) REFERENCES `t_a_rock` (`id`),
  CONSTRAINT `FKky0mc553bpiuhvucuiuhikibp` FOREIGN KEY (`register_id`) REFERENCES `t_b_register` (`id`)
) ENGINE=InnoDB AUTO_INCREMENT=25378 DEFAULT CHARSET=utf8;

/*Data for the table `t_send_sample` */

insert  into `t_send_sample`(`id`,`order_no`,`project`,`smaple_name`,`smaple_state`,`state`,`register_id`,`rock_id`,`test_number`,`qcorder`) values (24723,1,'Ag,Hg,As','KC001','块状',0,133,1,'4324',NULL),(24724,2,'Ag,Hg,As','KC002','块状',0,133,1,'4325',NULL),(24725,3,'Ag,Hg,As','KC003','块状',0,133,1,'4326',NULL),(24726,4,'Ag,Hg,As','KC004','块状',0,133,1,'4327',NULL),(24727,5,'Ag,Hg,As','KC005','块状',0,133,1,'4328',NULL),(24728,6,'Ag,Hg,As','KC006','块状',0,133,1,'4329',NULL),(24729,8,'Ag,Hg,As','KC007','块状',0,133,1,'4331',NULL),(24730,9,'Ag,Hg,As','KC008','块状',0,133,1,'4332',NULL),(24731,10,'Ag,Hg,As','KC009','块状',0,133,1,'4333',NULL),(24732,11,'Ag,Hg,As','KC010','块状',0,133,1,'4334',NULL),(24733,12,'Ag,Hg,As','KC011','块状',0,133,1,'4335',NULL),(24734,13,'Ag,Hg,As','KC012','23',0,133,1,'4336',NULL),(24735,14,'Ag,Hg,As','KC013','块状',0,133,1,'4337',NULL),(24736,15,'Ag,Hg,As','KC014','块状',0,133,1,'4338',NULL),(24737,16,'Ag,Hg,As','KC015','块状',0,133,1,'4339',NULL),(24738,17,'Ag,Hg,As','KC016','块状',0,133,1,'4340',NULL),(24739,7,'As,Ag,Hg','GSD-12','粉末',2,133,1,'4330',NULL),(24740,18,'Ag,Hg,As','KC001','块状',1,133,1,'4341',NULL),(24741,1,'Ag,Hg,As','KC001','块状',0,134,1,'56',NULL),(24742,2,'Ag,Hg,As','KC002','块状',0,134,1,'57',NULL),(24743,3,'Ag,Hg,As','KC003','块状',0,134,1,'58',NULL),(24744,4,'Ag,Hg,As','KC004','块状',0,134,1,'59',NULL),(24745,5,'Ag,Hg,As','KC005','块状',0,134,1,'60',NULL),(24746,6,'Ag,Hg,As','KC006','块状',0,134,1,'61',NULL),(24747,7,'Ag,Hg,As','KC007','块状',0,134,1,'62',NULL),(24748,8,'Ag,Hg,As','KC008','块状',0,134,1,'63',NULL),(24749,9,'Ag,Hg,As','KC009','块状',0,134,1,'64',NULL),(24750,10,'Ag,Hg,As','KC010','块状',0,134,1,'65',NULL),(24751,11,'Ag,Hg,As','KC011','块状',0,134,1,'66',NULL),(24752,12,'Ag,Hg,As','KC012','23',0,134,1,'67',NULL),(24753,13,'Ag,Hg,As','KC013','块状',0,134,1,'68',NULL),(24754,15,'Ag,Hg,As','KC014','块状',0,134,1,'70',NULL),(24755,16,'Ag,Hg,As','KC015','块状',0,134,1,'71',NULL),(24756,17,'Ag,Hg,As','KC016','块状',0,134,1,'72',NULL),(24757,18,'Ag,Hg,As','KC014','块状',1,134,1,'73',NULL),(24758,14,'As,Ag,Hg','GSD-9','粉末',2,134,1,'69',NULL),(24759,2,'Ag,Hg,As','KC001','块状',0,135,1,'a0012',NULL),(24760,3,'Ag,Hg,As','KC002','块状',0,135,1,'a0013',NULL),(24761,4,'Ag,Hg,As','KC003','块状',0,135,1,'a0014',NULL),(24762,5,'Ag,Hg,As','KC004','块状',0,135,1,'a0015',NULL),(24763,6,'Ag,Hg,As','KC005','块状',0,135,1,'a0016',NULL),(24764,7,'Ag,Hg,As','KC006','块状',0,135,1,'a0017',NULL),(24765,8,'Ag,Hg,As','KC007','块状',0,135,1,'a0018',NULL),(24766,9,'Ag,Hg,As','KC008','块状',0,135,1,'a0019',NULL),(24767,10,'Ag,Hg,As','KC009','块状',0,135,1,'a0020',NULL),(24768,11,'Ag,Hg,As','KC010','块状',0,135,1,'a0021',NULL),(24769,12,'Ag,Hg,As','KC011','块状',0,135,1,'a0022',NULL),(24770,13,'Ag,Hg,As','KC012','23',0,135,1,'a0023',NULL),(24771,14,'Ag,Hg,As','KC013','块状',0,135,1,'a0024',NULL),(24772,15,'Ag,Hg,As','KC014','块状',0,135,1,'a0025',NULL),(24773,16,'Ag,Hg,As','KC015','块状',0,135,1,'a0026',NULL),(24774,17,'Ag,Hg,As','KC016','块状',0,135,1,'a0027',NULL),(24775,18,'Ag,Hg,As','KC014','块状',1,135,1,'a0028',NULL),(24776,1,'As,Ag,Hg','GSD-9','粉末',2,135,1,'a0011',NULL),(24777,1,'U,Ra,Th,K','H001','块状',0,136,4,'a001',NULL),(24778,2,'U,Ra,Th,K','H002','块状',0,136,4,'a002',NULL),(24779,3,'U,Ra,Th,K','H003','块状',0,136,4,'a003',NULL),(24780,4,'U,Ra,Th,K','H004','块状',0,136,4,'a004',NULL),(24781,5,'U,Ra,Th,K','H005','块状',0,136,4,'a005',NULL),(24782,6,'U,Ra,Th,K','H006','块状',0,136,4,'a006',NULL),(24783,7,'U,Ra,Th,K','H007','块状',0,136,4,'a007',NULL),(24784,9,'U,Ra,Th,K','H008','块状',0,136,4,'a009',NULL),(24785,10,'U,Ra,Th,K','H006','块状',1,136,4,'a010',NULL),(24786,8,'Th,U,K,Ra','test2','粉末',2,136,4,'a008',NULL),(24787,1,'Ag,Hg,As','KC001','块状',0,137,1,NULL,NULL),(24788,2,'Ag,Hg,As','KC002','块状',0,137,1,NULL,NULL),(24789,3,'Ag,Hg,As','KC003','块状',0,137,1,NULL,NULL),(24790,4,'Ag,Hg,As','KC004','块状',0,137,1,NULL,NULL),(24791,7,'Ag,Hg,As','KC005','块状',0,137,1,NULL,NULL),(24792,8,'Ag,Hg,As','KC006','块状',0,137,1,NULL,NULL),(24793,9,'Ag,Hg,As','KC007','块状',0,137,1,NULL,NULL),(24794,10,'Ag,Hg,As','KC008','块状',0,137,1,NULL,NULL),(24795,11,'Ag,Hg,As','KC009','块状',0,137,1,NULL,NULL),(24796,12,'Ag,Hg,As','KC010','块状',0,137,1,NULL,NULL),(24797,14,'Ag,Hg,As','KC011','块状',0,137,1,NULL,NULL),(24798,15,'Ag,Hg,As','KC012','23',0,137,1,NULL,NULL),(24799,5,'Ag,Hg,As','KC013','块状',0,137,1,NULL,NULL),(24800,16,'Ag,Hg,As','KC014','块状',0,137,1,NULL,NULL),(24801,13,'Ag,Hg,As','KC015','块状',0,137,1,NULL,NULL),(24802,17,'Ag,Hg,As','KC016','块状',0,137,1,NULL,NULL),(24805,6,'Ag,Hg,As','KC013','块状',1,137,1,NULL,NULL),(24806,1,'Ag,Hg,As','KC001','块状',0,138,1,NULL,NULL),(24807,2,'Ag,Hg,As','KC002','块状',0,138,1,NULL,NULL),(24808,3,'Ag,Hg,As','KC003','块状',0,138,1,NULL,NULL),(24809,4,'Ag,Hg,As','KC004','块状',0,138,1,NULL,NULL),(24810,5,'Ag,Hg,As','KC005','块状',0,138,1,NULL,NULL),(24811,6,'Ag,Hg,As','KC006','块状',0,138,1,NULL,NULL),(24812,7,'Ag,Hg,As','KC007','块状',0,138,1,NULL,NULL),(24813,8,'Ag,Hg,As','KC008','块状',0,138,1,NULL,NULL),(24814,9,'Ag,Hg,As','KC009','块状',0,138,1,NULL,NULL),(24815,11,'Ag,Hg,As','KC010','块状',0,138,1,NULL,NULL),(24816,12,'Ag,Hg,As','KC011','块状',0,138,1,NULL,NULL),(24817,13,'Ag,Hg,As','KC012','23',0,138,1,NULL,NULL),(24818,14,'Ag,Hg,As','KC013','块状',0,138,1,NULL,NULL),(24819,15,'Ag,Hg,As','KC014','块状',0,138,1,NULL,NULL),(24820,16,'Ag,Hg,As','KC015','块状',0,138,1,NULL,NULL),(24821,17,'Ag,Hg,As','KC016','块状',0,138,1,NULL,NULL),(24822,10,'Ag,Hg,As','KC009','块状',1,138,1,NULL,NULL),(24823,3,'Ag,Hg,As','KC001','块状',0,139,1,NULL,NULL),(24824,4,'Ag,Hg,As','KC002','块状',0,139,1,NULL,NULL),(24825,5,'Ag,Hg,As','KC003','块状',0,139,1,NULL,NULL),(24826,6,'Ag,Hg,As','KC004','块状',0,139,1,NULL,NULL),(24827,7,'Ag,Hg,As','KC005','块状',0,139,1,NULL,NULL),(24828,2,'Ag,Hg,As','KC006','块状',0,139,1,NULL,NULL),(24829,8,'Ag,Hg,As','KC007','块状',0,139,1,NULL,NULL),(24830,9,'Ag,Hg,As','KC008','块状',0,139,1,NULL,NULL),(24831,10,'Ag,Hg,As','KC009','块状',0,139,1,NULL,NULL),(24832,11,'Ag,Hg,As','KC010','块状',0,139,1,NULL,NULL),(24833,12,'Ag,Hg,As','KC011','块状',0,139,1,NULL,NULL),(24834,13,'Ag,Hg,As','KC012','23',0,139,1,NULL,NULL),(24835,14,'Ag,Hg,As','KC013','块状',0,139,1,NULL,NULL),(24836,15,'Ag,Hg,As','KC014','块状',0,139,1,NULL,NULL),(24837,16,'Ag,Hg,As','KC015','块状',0,139,1,NULL,NULL),(24838,17,'Ag,Hg,As','KC016','块状',0,139,1,NULL,NULL),(24839,1,'Ag,Hg,As','KC006','块状',1,139,1,NULL,NULL),(24840,1,'Ag,Hg,As','KC001','块状',0,140,1,NULL,NULL),(24841,2,'Ag,Hg,As','KC002','块状',0,140,1,NULL,NULL),(24842,3,'Ag,Hg,As','KC003','块状',0,140,1,NULL,NULL),(24843,4,'Ag,Hg,As','KC004','块状',0,140,1,NULL,NULL),(24844,5,'Ag,Hg,As','KC005','块状',0,140,1,NULL,NULL),(24845,6,'Ag,Hg,As','KC006','块状',0,140,1,NULL,NULL),(24846,7,'Ag,Hg,As','KC007','块状',0,140,1,NULL,NULL),(24847,8,'Ag,Hg,As','KC008','块状',0,140,1,NULL,NULL),(24848,9,'Ag,Hg,As','KC009','块状',0,140,1,NULL,NULL),(24849,10,'Ag,Hg,As','KC010','块状',0,140,1,NULL,NULL),(24850,11,'Ag,Hg,As','KC011','块状',0,140,1,NULL,NULL),(24851,12,'Ag,Hg,As','KC012','23',0,140,1,NULL,NULL),(24852,14,'Ag,Hg,As','KC013','块状',0,140,1,NULL,NULL),(24853,13,'Ag,Hg,As','KC014','块状',0,140,1,NULL,NULL),(24854,15,'Ag,Hg,As','KC015','块状',0,140,1,NULL,NULL),(24855,17,'Ag,Hg,As','KC016','块状',0,140,1,NULL,NULL),(24856,16,'Ag,Hg,As','KC013','块状',1,140,1,NULL,NULL),(24857,1,'Ag,Hg,As','KC001','块状',0,141,1,NULL,NULL),(24858,2,'Ag,Hg,As','KC002','块状',0,141,1,NULL,NULL),(24859,3,'Ag,Hg,As','KC003','块状',0,141,1,NULL,NULL),(24860,4,'Ag,Hg,As','KC004','块状',0,141,1,NULL,NULL),(24861,5,'Ag,Hg,As','KC005','块状',0,141,1,NULL,NULL),(24862,6,'Ag,Hg,As','KC006','块状',0,141,1,NULL,NULL),(24863,7,'Ag,Hg,As','KC007','块状',0,141,1,NULL,NULL),(24864,8,'Ag,Hg,As','KC008','块状',0,141,1,NULL,NULL),(24865,9,'Ag,Hg,As','KC009','块状',0,141,1,NULL,NULL),(24866,10,'Ag,Hg,As','KC010','块状',0,141,1,NULL,NULL),(24867,13,'Ag,Hg,As','KC011','块状',0,141,1,NULL,NULL),(24868,11,'Ag,Hg,As','KC012','23',0,141,1,NULL,NULL),(24869,14,'Ag,Hg,As','KC013','块状',0,141,1,NULL,NULL),(24870,15,'Ag,Hg,As','KC014','块状',0,141,1,NULL,NULL),(24871,16,'Ag,Hg,As','KC015','块状',0,141,1,NULL,NULL),(24872,17,'Ag,Hg,As','KC016','块状',0,141,1,NULL,NULL),(24873,12,'Ag,Hg,As','KC012','23',1,141,1,NULL,NULL),(24874,1,'Ag,Hg,As','KC001','块状',0,142,1,NULL,NULL),(24875,2,'Ag,Hg,As','KC002','块状',0,142,1,NULL,NULL),(24876,3,'Ag,Hg,As','KC003','块状',0,142,1,NULL,NULL),(24877,4,'Ag,Hg,As','KC004','块状',0,142,1,NULL,NULL),(24878,5,'Ag,Hg,As','KC005','块状',0,142,1,NULL,NULL),(24879,6,'Ag,Hg,As','KC006','块状',0,142,1,NULL,NULL),(24880,8,'Ag,Hg,As','KC007','块状',0,142,1,NULL,NULL),(24881,10,'Ag,Hg,As','KC008','块状',0,142,1,NULL,NULL),(24882,11,'Ag,Hg,As','KC009','块状',0,142,1,NULL,NULL),(24883,12,'Ag,Hg,As','KC010','块状',0,142,1,NULL,NULL),(24884,13,'Ag,Hg,As','KC011','块状',0,142,1,NULL,NULL),(24885,9,'Ag,Hg,As','KC012','23',0,142,1,NULL,NULL),(24886,14,'Ag,Hg,As','KC013','块状',0,142,1,NULL,NULL),(24887,15,'Ag,Hg,As','KC014','块状',0,142,1,NULL,NULL),(24888,16,'Ag,Hg,As','KC015','块状',0,142,1,NULL,NULL),(24889,17,'Ag,Hg,As','KC016','块状',0,142,1,NULL,NULL),(24891,1,'Ag,Hg,As','KC001','块状',0,143,1,NULL,NULL),(24892,2,'Ag,Hg,As','KC002','块状',0,143,1,NULL,NULL),(24893,3,'Ag,Hg,As','KC003','块状',0,143,1,NULL,NULL),(24894,4,'Ag,Hg,As','KC004','块状',0,143,1,NULL,NULL),(24895,5,'Ag,Hg,As','KC005','块状',0,143,1,NULL,NULL),(24896,6,'Ag,Hg,As','KC006','块状',0,143,1,NULL,NULL),(24897,8,'Ag,Hg,As','KC007','块状',0,143,1,NULL,NULL),(24898,9,'Ag,Hg,As','KC008','块状',0,143,1,NULL,NULL),(24899,10,'Ag,Hg,As','KC009','块状',0,143,1,NULL,NULL),(24900,11,'Ag,Hg,As','KC010','块状',0,143,1,NULL,NULL),(24901,12,'Ag,Hg,As','KC011','块状',0,143,1,NULL,NULL),(24902,13,'Ag,Hg,As','KC012','23',0,143,1,NULL,NULL),(24903,14,'Ag,Hg,As','KC013','块状',0,143,1,NULL,NULL),(24904,15,'Ag,Hg,As','KC014','块状',0,143,1,NULL,NULL),(24905,16,'Ag,Hg,As','KC015','块状',0,143,1,NULL,NULL),(24906,17,'Ag,Hg,As','KC016','块状',0,143,1,NULL,NULL),(24907,7,'Ag,Hg,As','KC007','块状',1,143,1,'',NULL),(24908,1,'Ag,Hg,As','KC001','块状',0,144,1,NULL,NULL),(24909,2,'Ag,Hg,As','KC002','块状',0,144,1,NULL,NULL),(24910,3,'Ag,Hg,As','KC003','块状',0,144,1,NULL,NULL),(24911,4,'Ag,Hg,As','KC004','块状',0,144,1,NULL,NULL),(24912,7,'Ag,Hg,As','KC005','块状',0,144,1,NULL,NULL),(24913,8,'Ag,Hg,As','KC006','块状',0,144,1,NULL,NULL),(24914,9,'Ag,Hg,As','KC007','块状',0,144,1,NULL,NULL),(24915,12,'Ag,Hg,As','KC008','块状',0,144,1,NULL,NULL),(24916,13,'Ag,Hg,As','KC009','块状',0,144,1,NULL,NULL),(24917,14,'Ag,Hg,As','KC010','块状',0,144,1,NULL,NULL),(24918,15,'Ag,Hg,As','KC011','块状',0,144,1,NULL,NULL),(24919,16,'Ag,Hg,As','KC012','块状',0,144,1,NULL,NULL),(24920,17,'Ag,Hg,As','KC013','块状',0,144,1,NULL,NULL),(24921,11,'Ag,Hg,As','KC014','块状',0,144,1,NULL,NULL),(24922,18,'Ag,Hg,As','KC015','块状',0,144,1,NULL,NULL),(24923,19,'Ag,Hg,As','KC016','块状',0,144,1,NULL,NULL),(24924,20,'Ag,Hg,As','KC017','块状',0,144,1,NULL,NULL),(24925,21,'Ag,Hg,As','KC018','块状',0,144,1,NULL,NULL),(24926,22,'Ag,Hg,As','KC019','块状',0,144,1,NULL,NULL),(24927,23,'Ag,Hg,As','KC020','块状',0,144,1,NULL,NULL),(24928,24,'Ag,Hg,As','KC021','块状',0,144,1,NULL,NULL),(24929,25,'Ag,Hg,As','KC022','块状',0,144,1,NULL,NULL),(24930,26,'Ag,Hg,As','KC023','块状',0,144,1,NULL,NULL),(24931,6,'Ag,Hg,As','KC024','块状',0,144,1,NULL,NULL),(24932,27,'Ag,Hg,As','KC025','块状',0,144,1,NULL,NULL),(24933,28,'Ag,Hg,As','KC026','块状',0,144,1,NULL,NULL),(24934,29,'Ag,Hg,As','KC027','块状',0,144,1,NULL,NULL),(24935,30,'Ag,Hg,As','KC028','块状',0,144,1,NULL,NULL),(24936,31,'Ag,Hg,As','KC029','块状',0,144,1,NULL,NULL),(24937,32,'Ag,Hg,As','KC030','块状',0,144,1,NULL,NULL),(24938,33,'Ag,Hg,As','KC031','块状',0,144,1,NULL,NULL),(24939,34,'Ag,Hg,As','KC032','块状',0,144,1,NULL,NULL),(24940,35,'Ag,Hg,As','KC033','块状',0,144,1,NULL,NULL),(24941,41,'Ag,Hg,As','KC034','块状',0,144,1,NULL,NULL),(24942,36,'Ag,Hg,As','KC035','块状',0,144,1,NULL,NULL),(24943,39,'Ag,Hg,As','KC036','块状',0,144,1,NULL,NULL),(24944,42,'Ag,Hg,As','KC037','块状',0,144,1,NULL,NULL),(24945,43,'Ag,Hg,As','KC038','块状',0,144,1,NULL,NULL),(24946,44,'Ag,Hg,As','KC039','块状',0,144,1,NULL,NULL),(24947,45,'Ag,Hg,As','KC040','块状',0,144,1,NULL,NULL),(24948,46,'Ag,Hg,As','KC041','块状',0,144,1,NULL,NULL),(24949,47,'Ag,Hg,As','KC042','块状',0,144,1,NULL,NULL),(24950,48,'Ag,Hg,As','KC043','块状',0,144,1,NULL,NULL),(24951,38,'Ag,Hg,As','KC044','块状',0,144,1,NULL,NULL),(24952,49,'Ag,Hg,As','KC045','块状',0,144,1,NULL,NULL),(24953,50,'Ag,Hg,As','KC046','块状',0,144,1,NULL,NULL),(24954,51,'Ag,Hg,As','KC047','块状',0,144,1,NULL,NULL),(24955,52,'Ag,Hg,As','KC048','块状',0,144,1,NULL,NULL),(24956,53,'Ag,Hg,As','KC049','块状',0,144,1,NULL,NULL),(24957,54,'Ag,Hg,As','KC050','块状',0,144,1,NULL,NULL),(24958,55,'Ag,Hg,As','KC051','块状',0,144,1,NULL,NULL),(24959,58,'Ag,Hg,As','KC052','块状',0,144,1,NULL,NULL),(24960,59,'Ag,Hg,As','KC053','块状',0,144,1,NULL,NULL),(24961,60,'Ag,Hg,As','KC054','块状',0,144,1,NULL,NULL),(24962,61,'Ag,Hg,As','KC055','块状',0,144,1,NULL,NULL),(24963,62,'Ag,Hg,As','KC056','块状',0,144,1,NULL,NULL),(24964,63,'Ag,Hg,As','KC057','块状',0,144,1,NULL,NULL),(24965,64,'Ag,Hg,As','KC058','块状',0,144,1,NULL,NULL),(24966,81,'Ag,Hg,As','KC059','块状',0,144,1,NULL,NULL),(24967,65,'Ag,Hg,As','KC060','块状',0,144,1,NULL,NULL),(24968,66,'Ag,Hg,As','KC061','块状',0,144,1,NULL,NULL),(24969,67,'Ag,Hg,As','KC062','块状',0,144,1,NULL,NULL),(24970,68,'Ag,Hg,As','KC063','块状',0,144,1,NULL,NULL),(24971,69,'Ag,Hg,As','KC064','块状',0,144,1,NULL,NULL),(24972,70,'Ag,Hg,As','KC065','块状',0,144,1,NULL,NULL),(24973,71,'Ag,Hg,As','KC066','块状',0,144,1,NULL,NULL),(24974,72,'Ag,Hg,As','KC067','块状',0,144,1,NULL,NULL),(24975,73,'Ag,Hg,As','KC068','块状',0,144,1,NULL,NULL),(24976,74,'Ag,Hg,As','KC069','块状',0,144,1,NULL,NULL),(24977,75,'Ag,Hg,As','KC070','块状',0,144,1,NULL,NULL),(24978,105,'Ag,Hg,As','KC071','块状',0,144,1,NULL,NULL),(24979,76,'Ag,Hg,As','KC072','块状',0,144,1,NULL,NULL),(24980,77,'Ag,Hg,As','KC073','块状',0,144,1,NULL,NULL),(24981,78,'Ag,Hg,As','KC074','块状',0,144,1,NULL,NULL),(24982,79,'Ag,Hg,As','KC075','块状',0,144,1,NULL,NULL),(24983,82,'Ag,Hg,As','KC076','块状',0,144,1,NULL,NULL),(24984,83,'Ag,Hg,As','KC077','块状',0,144,1,NULL,NULL),(24985,84,'Ag,Hg,As','KC078','块状',0,144,1,NULL,NULL),(24986,102,'Ag,Hg,As','KC079','块状',0,144,1,NULL,NULL),(24987,85,'Ag,Hg,As','KC080','块状',0,144,1,NULL,NULL),(24988,86,'Ag,Hg,As','KC081','块状',0,144,1,NULL,NULL),(24989,87,'Ag,Hg,As','KC082','块状',0,144,1,NULL,NULL),(24990,88,'Ag,Hg,As','KC083','块状',0,144,1,NULL,NULL),(24991,89,'Ag,Hg,As','KC084','块状',0,144,1,NULL,NULL),(24992,90,'Ag,Hg,As','KC085','块状',0,144,1,NULL,NULL),(24993,91,'Ag,Hg,As','KC086','块状',0,144,1,NULL,NULL),(24994,92,'Ag,Hg,As','KC087','块状',0,144,1,NULL,NULL),(24995,93,'Ag,Hg,As','KC088','块状',0,144,1,NULL,NULL),(24996,94,'Ag,Hg,As','KC089','块状',0,144,1,NULL,NULL),(24997,95,'Ag,Hg,As','KC090','块状',0,144,1,NULL,NULL),(24998,96,'Ag,Hg,As','KC091','块状',0,144,1,NULL,NULL),(24999,97,'Ag,Hg,As','KC092','块状',0,144,1,NULL,NULL),(25000,98,'Ag,Hg,As','KC093','块状',0,144,1,NULL,NULL),(25001,99,'Ag,Hg,As','KC094','块状',0,144,1,NULL,NULL),(25002,100,'Ag,Hg,As','KC095','块状',0,144,1,NULL,NULL),(25003,103,'Ag,Hg,As','KC096','块状',0,144,1,NULL,NULL),(25004,106,'Ag,Hg,As','KC097','块状',0,144,1,NULL,NULL),(25005,107,'Ag,Hg,As','KC098','块状',0,144,1,NULL,NULL),(25006,108,'Ag,Hg,As','KC099','块状',0,144,1,NULL,NULL),(25007,57,'Ag,Hg,As','KC100','块状',0,144,1,NULL,NULL),(25008,109,'Ag,Hg,As','KC101','块状',0,144,1,NULL,NULL),(25009,110,'Ag,Hg,As','KC102','块状',0,144,1,NULL,NULL),(25010,111,'Ag,Hg,As','KC103','块状',0,144,1,NULL,NULL),(25011,112,'Ag,Hg,As','KC104','块状',0,144,1,NULL,NULL),(25012,115,'Ag,Hg,As','KC105','块状',0,144,1,NULL,NULL),(25013,116,'Ag,Hg,As','KC106','块状',0,144,1,NULL,NULL),(25014,117,'Ag,Hg,As','KC107','块状',0,144,1,NULL,NULL),(25015,118,'Ag,Hg,As','KC108','块状',0,144,1,NULL,NULL),(25016,114,'Ag,Hg,As','KC109','块状',0,144,1,NULL,NULL),(25017,119,'Ag,Hg,As','KC110','块状',0,144,1,NULL,NULL),(25018,120,'Ag,Hg,As','KC111','块状',0,144,1,NULL,NULL),(25019,122,'Ag,Hg,As','KC112','块状',0,144,1,NULL,NULL),(25020,123,'Ag,Hg,As','KC113','块状',0,144,1,NULL,NULL),(25021,124,'Ag,Hg,As','KC114','块状',0,144,1,NULL,NULL),(25022,125,'Ag,Hg,As','KC115','块状',0,144,1,NULL,NULL),(25023,126,'Ag,Hg,As','KC116','块状',0,144,1,NULL,NULL),(25024,127,'Ag,Hg,As','KC117','块状',0,144,1,NULL,NULL),(25025,40,'Ag,Hg,As','KC034','块状',1,144,1,NULL,NULL),(25026,10,'Ag,Hg,As','KC014','块状',1,144,1,NULL,NULL),(25027,37,'Ag,Hg,As','KC044','块状',1,144,1,NULL,NULL),(25028,5,'Ag,Hg,As','KC024','块状',1,144,1,NULL,NULL),(25029,104,'Ag,Hg,As','KC071','块状',1,144,1,NULL,NULL),(25030,80,'Ag,Hg,As','KC059','块状',1,144,1,NULL,NULL),(25031,101,'Ag,Hg,As','KC079','块状',1,144,1,NULL,NULL),(25032,56,'Ag,Hg,As','KC100','块状',1,144,1,NULL,NULL),(25033,121,'Ag,Hg,As','KC112','块状',1,144,1,NULL,NULL),(25034,113,'Ag,Hg,As','KC109','块状',1,144,1,NULL,NULL),(25035,1,'Ag,Hg,As','KC001','块状',0,145,1,NULL,NULL),(25036,2,'Ag,Hg,As','KC002','块状',0,145,1,NULL,NULL),(25037,3,'Ag,Hg,As','KC003','块状',0,145,1,NULL,NULL),(25038,4,'Ag,Hg,As','KC004','块状',0,145,1,NULL,NULL),(25039,5,'Ag,Hg,As','KC005','块状',0,145,1,NULL,NULL),(25040,6,'Ag,Hg,As','KC006','块状',0,145,1,NULL,NULL),(25041,7,'Ag,Hg,As','KC007','块状',0,145,1,NULL,NULL),(25042,8,'Ag,Hg,As','KC008','块状',0,145,1,NULL,NULL),(25043,9,'Ag,Hg,As','KC009','块状',0,145,1,NULL,NULL),(25044,10,'Ag,Hg,As','KC010','块状',0,145,1,NULL,NULL),(25045,11,'Ag,Hg,As','KC011','块状',0,145,1,NULL,NULL),(25046,4,'Ag,Hg,As','KC012','23',0,145,1,NULL,NULL),(25047,13,'Ag,Hg,As','KC013','块状',0,145,1,NULL,NULL),(25048,14,'Ag,Hg,As','KC014','块状',0,145,1,NULL,NULL),(25049,15,'Ag,Hg,As','KC015','块状',0,145,1,NULL,NULL),(25050,16,'Ag,Hg,As','KC016','块状',0,145,1,NULL,NULL),(25051,4,'Ag,Hg,As','KC012','23',1,145,1,NULL,NULL),(25052,1,'Ag,Hg,As','KC001','块状',0,146,1,NULL,NULL),(25053,2,'Ag,Hg,As','KC002','块状',0,146,1,NULL,NULL),(25054,35,'Ag,Hg,As','KC003','块状',0,146,1,NULL,NULL),(25055,4,'Ag,Hg,As','KC004','块状',0,146,1,NULL,NULL),(25056,5,'Ag,Hg,As','KC005','块状',0,146,1,NULL,NULL),(25057,6,'Ag,Hg,As','KC006','块状',0,146,1,NULL,NULL),(25058,7,'Ag,Hg,As','KC007','块状',0,146,1,NULL,NULL),(25059,8,'Ag,Hg,As','KC008','块状',0,146,1,NULL,NULL),(25060,9,'Ag,Hg,As','KC009','块状',0,146,1,NULL,NULL),(25061,10,'Ag,Hg,As','KC010','块状',0,146,1,NULL,NULL),(25062,11,'Ag,Hg,As','KC011','块状',0,146,1,NULL,NULL),(25063,12,'Ag,Hg,As','KC012','块状',0,146,1,NULL,NULL),(25064,13,'Ag,Hg,As','KC013','块状',0,146,1,NULL,NULL),(25065,14,'Ag,Hg,As','KC014','块状',0,146,1,NULL,NULL),(25066,15,'Ag,Hg,As','KC015','块状',0,146,1,NULL,NULL),(25067,16,'Ag,Hg,As','KC016','块状',0,146,1,NULL,NULL),(25068,17,'Ag,Hg,As','KC017','块状',0,146,1,NULL,NULL),(25069,18,'Ag,Hg,As','KC018','块状',0,146,1,NULL,NULL),(25070,19,'Ag,Hg,As','KC019','块状',0,146,1,NULL,NULL),(25071,20,'Ag,Hg,As','KC020','块状',0,146,1,NULL,NULL),(25072,21,'Ag,Hg,As','KC021','块状',0,146,1,NULL,NULL),(25073,24,'Ag,Hg,As','KC022','块状',0,146,1,NULL,NULL),(25074,23,'Ag,Hg,As','KC023','块状',0,146,1,NULL,NULL),(25075,24,'Ag,Hg,As','KC024','块状',0,146,1,NULL,NULL),(25076,25,'Ag,Hg,As','KC025','块状',0,146,1,NULL,NULL),(25077,26,'Ag,Hg,As','KC026','块状',0,146,1,NULL,NULL),(25078,27,'Ag,Hg,As','KC027','块状',0,146,1,NULL,NULL),(25079,28,'Ag,Hg,As','KC028','块状',0,146,1,NULL,NULL),(25080,29,'Ag,Hg,As','KC029','块状',0,146,1,NULL,NULL),(25081,30,'Ag,Hg,As','KC030','块状',0,146,1,NULL,NULL),(25082,31,'Ag,Hg,As','KC031','块状',0,146,1,NULL,NULL),(25083,32,'Ag,Hg,As','KC032','块状',0,146,1,NULL,NULL),(25084,28,'Ag,Hg,As','KC033','块状',0,146,1,NULL,NULL),(25085,34,'Ag,Hg,As','KC034','块状',0,146,1,NULL,NULL),(25086,35,'Ag,Hg,As','KC035','块状',0,146,1,NULL,NULL),(25087,36,'Ag,Hg,As','KC036','块状',0,146,1,NULL,NULL),(25088,37,'Ag,Hg,As','KC037','块状',0,146,1,NULL,NULL),(25089,38,'Ag,Hg,As','KC038','块状',0,146,1,NULL,NULL),(25090,39,'Ag,Hg,As','KC039','块状',0,146,1,NULL,NULL),(25091,40,'Ag,Hg,As','KC040','块状',0,146,1,NULL,NULL),(25092,41,'Ag,Hg,As','KC041','块状',0,146,1,NULL,NULL),(25093,42,'Ag,Hg,As','KC042','块状',0,146,1,NULL,NULL),(25094,43,'Ag,Hg,As','KC043','块状',0,146,1,NULL,NULL),(25095,44,'Ag,Hg,As','KC044','块状',0,146,1,NULL,NULL),(25096,45,'Ag,Hg,As','KC045','块状',0,146,1,NULL,NULL),(25097,46,'Ag,Hg,As','KC046','块状',0,146,1,NULL,NULL),(25098,47,'Ag,Hg,As','KC047','块状',0,146,1,NULL,NULL),(25099,48,'Ag,Hg,As','KC048','块状',0,146,1,NULL,NULL),(25100,49,'Ag,Hg,As','KC049','块状',0,146,1,NULL,NULL),(25101,11,'Ag,Hg,As','KC050','块状',0,146,1,NULL,NULL),(25102,58,'Ag,Hg,As','KC051','块状',0,146,1,NULL,NULL),(25103,52,'Ag,Hg,As','KC052','块状',0,146,1,NULL,NULL),(25104,53,'Ag,Hg,As','KC053','块状',0,146,1,NULL,NULL),(25105,54,'Ag,Hg,As','KC054','块状',0,146,1,NULL,NULL),(25106,54,'Ag,Hg,As','KC055','块状',0,146,1,NULL,NULL),(25107,56,'Ag,Hg,As','KC056','块状',0,146,1,NULL,NULL),(25108,57,'Ag,Hg,As','KC057','块状',0,146,1,NULL,NULL),(25109,58,'Ag,Hg,As','KC058','块状',0,146,1,NULL,NULL),(25110,59,'Ag,Hg,As','KC059','块状',0,146,1,NULL,NULL),(25111,60,'Ag,Hg,As','KC060','块状',0,146,1,NULL,NULL),(25112,61,'Ag,Hg,As','KC061','块状',0,146,1,NULL,NULL),(25113,62,'Ag,Hg,As','KC062','块状',0,146,1,NULL,NULL),(25114,63,'Ag,Hg,As','KC063','块状',0,146,1,NULL,NULL),(25115,64,'Ag,Hg,As','KC064','块状',0,146,1,NULL,NULL),(25116,65,'Ag,Hg,As','KC065','块状',0,146,1,NULL,NULL),(25117,66,'Ag,Hg,As','KC066','块状',0,146,1,NULL,NULL),(25118,67,'Ag,Hg,As','KC067','块状',0,146,1,NULL,NULL),(25119,68,'Ag,Hg,As','KC068','块状',0,146,1,NULL,NULL),(25120,69,'Ag,Hg,As','KC069','块状',0,146,1,NULL,NULL),(25121,70,'Ag,Hg,As','KC070','块状',0,146,1,NULL,NULL),(25122,71,'Ag,Hg,As','KC071','块状',0,146,1,NULL,NULL),(25123,72,'Ag,Hg,As','KC072','块状',0,146,1,NULL,NULL),(25124,73,'Ag,Hg,As','KC073','块状',0,146,1,NULL,NULL),(25125,74,'Ag,Hg,As','KC074','块状',0,146,1,NULL,NULL),(25126,75,'Ag,Hg,As','KC075','块状',0,146,1,NULL,NULL),(25127,76,'Ag,Hg,As','KC076','块状',0,146,1,NULL,NULL),(25128,77,'Ag,Hg,As','KC077','块状',0,146,1,NULL,NULL),(25129,78,'Ag,Hg,As','KC078','块状',0,146,1,NULL,NULL),(25130,79,'Ag,Hg,As','KC079','块状',0,146,1,NULL,NULL),(25131,80,'Ag,Hg,As','KC080','块状',0,146,1,NULL,NULL),(25132,75,'Ag,Hg,As','KC081','块状',0,146,1,NULL,NULL),(25133,82,'Ag,Hg,As','KC082','块状',0,146,1,NULL,NULL),(25134,83,'Ag,Hg,As','KC083','块状',0,146,1,NULL,NULL),(25135,84,'Ag,Hg,As','KC084','块状',0,146,1,NULL,NULL),(25136,85,'Ag,Hg,As','KC085','块状',0,146,1,NULL,NULL),(25137,86,'Ag,Hg,As','KC086','块状',0,146,1,NULL,NULL),(25138,87,'Ag,Hg,As','KC087','块状',0,146,1,NULL,NULL),(25139,88,'Ag,Hg,As','KC088','块状',0,146,1,NULL,NULL),(25140,89,'Ag,Hg,As','KC089','块状',0,146,1,NULL,NULL),(25141,99,'Ag,Hg,As','KC090','块状',0,146,1,NULL,NULL),(25142,91,'Ag,Hg,As','KC091','块状',0,146,1,NULL,NULL),(25143,92,'Ag,Hg,As','KC092','块状',0,146,1,NULL,NULL),(25144,93,'Ag,Hg,As','KC093','块状',0,146,1,NULL,NULL),(25145,94,'Ag,Hg,As','KC094','块状',0,146,1,NULL,NULL),(25146,95,'Ag,Hg,As','KC095','块状',0,146,1,NULL,NULL),(25147,96,'Ag,Hg,As','KC096','块状',0,146,1,NULL,NULL),(25148,97,'Ag,Hg,As','KC097','块状',0,146,1,NULL,NULL),(25149,98,'Ag,Hg,As','KC098','块状',0,146,1,NULL,NULL),(25150,99,'Ag,Hg,As','KC099','块状',0,146,1,NULL,NULL),(25151,100,'Ag,Hg,As','KC100','块状',0,146,1,NULL,NULL),(25152,101,'Ag,Hg,As','KC101','块状',0,146,1,NULL,NULL),(25153,102,'Ag,Hg,As','KC102','块状',0,146,1,NULL,NULL),(25154,103,'Ag,Hg,As','KC103','块状',0,146,1,NULL,NULL),(25155,104,'Ag,Hg,As','KC104','块状',0,146,1,NULL,NULL),(25156,105,'Ag,Hg,As','KC105','块状',0,146,1,NULL,NULL),(25157,106,'Ag,Hg,As','KC106','块状',0,146,1,NULL,NULL),(25158,107,'Ag,Hg,As','KC107','块状',0,146,1,NULL,NULL),(25159,108,'Ag,Hg,As','KC108','块状',0,146,1,NULL,NULL),(25160,102,'Ag,Hg,As','KC109','块状',0,146,1,NULL,NULL),(25161,110,'Ag,Hg,As','KC110','块状',0,146,1,NULL,NULL),(25162,111,'Ag,Hg,As','KC111','块状',0,146,1,NULL,NULL),(25163,112,'Ag,Hg,As','KC112','块状',0,146,1,NULL,NULL),(25164,113,'Ag,Hg,As','KC113','块状',0,146,1,NULL,NULL),(25165,114,'Ag,Hg,As','KC114','块状',0,146,1,NULL,NULL),(25166,115,'Ag,Hg,As','KC115','块状',0,146,1,NULL,NULL),(25167,116,'Ag,Hg,As','KC116','块状',0,146,1,NULL,NULL),(25168,116,'Ag,Hg,As','KC117','块状',0,146,1,NULL,NULL),(25169,35,'Ag,Hg,As','KC003','块状',1,146,1,NULL,NULL),(25170,28,'Ag,Hg,As','KC033','块状',1,146,1,NULL,NULL),(25171,11,'Ag,Hg,As','KC050','块状',1,146,1,NULL,NULL),(25172,24,'Ag,Hg,As','KC022','块状',1,146,1,NULL,NULL),(25173,54,'Ag,Hg,As','KC055','块状',1,146,1,NULL,NULL),(25174,75,'Ag,Hg,As','KC081','块状',1,146,1,NULL,NULL),(25175,99,'Ag,Hg,As','KC090','块状',1,146,1,NULL,NULL),(25176,58,'Ag,Hg,As','KC051','块状',1,146,1,NULL,NULL),(25177,102,'Ag,Hg,As','KC109','块状',1,146,1,NULL,NULL),(25178,116,'Ag,Hg,As','KC117','块状',1,146,1,NULL,NULL),(25179,1,'Ag,Hg,As','KC001','块状',0,147,1,NULL,NULL),(25180,2,'Ag,Hg,As','KC002','块状',0,147,1,NULL,NULL),(25181,3,'Ag,Hg,As','KC003','块状',0,147,1,NULL,NULL),(25182,4,'Ag,Hg,As','KC004','块状',0,147,1,NULL,NULL),(25183,5,'Ag,Hg,As','KC005','块状',0,147,1,NULL,NULL),(25184,6,'Ag,Hg,As','KC006','块状',0,147,1,NULL,NULL),(25185,7,'Ag,Hg,As','KC007','块状',0,147,1,NULL,NULL),(25186,8,'Ag,Hg,As','KC008','块状',0,147,1,NULL,NULL),(25187,10,'Ag,Hg,As','KC009','块状',0,147,1,NULL,NULL),(25188,10,'Ag,Hg,As','KC010','块状',0,147,1,NULL,NULL),(25189,11,'Ag,Hg,As','KC011','块状',0,147,1,NULL,NULL),(25190,12,'Ag,Hg,As','KC012','23',0,147,1,NULL,NULL),(25191,13,'Ag,Hg,As','KC013','块状',0,147,1,NULL,NULL),(25192,14,'Ag,Hg,As','KC014','块状',0,147,1,NULL,NULL),(25193,15,'Ag,Hg,As','KC015','块状',0,147,1,NULL,NULL),(25194,16,'Ag,Hg,As','KC016','块状',0,147,1,NULL,NULL),(25195,10,'Ag,Hg,As','KC009','块状',1,147,1,NULL,NULL),(25196,2,'Ag,Hg,As','KC001','块状',0,148,1,NULL,NULL),(25197,2,'Ag,Hg,As','KC002','块状',0,148,1,NULL,NULL),(25198,3,'Ag,Hg,As','KC003','块状',0,148,1,NULL,NULL),(25199,4,'Ag,Hg,As','KC004','块状',0,148,1,NULL,NULL),(25200,5,'Ag,Hg,As','KC005','块状',0,148,1,NULL,NULL),(25201,6,'Ag,Hg,As','KC006','块状',0,148,1,NULL,NULL),(25202,7,'Ag,Hg,As','KC007','块状',0,148,1,NULL,NULL),(25203,15,'Ag,Hg,As','KC008','块状',0,148,1,NULL,NULL),(25204,9,'Ag,Hg,As','KC009','块状',0,148,1,NULL,NULL),(25205,10,'Ag,Hg,As','KC010','块状',0,148,1,NULL,NULL),(25206,11,'Ag,Hg,As','KC011','块状',0,148,1,NULL,NULL),(25207,12,'Ag,Hg,As','KC012','23',0,148,1,NULL,NULL),(25208,13,'Ag,Hg,As','KC013','块状',0,148,1,NULL,NULL),(25209,14,'Ag,Hg,As','KC014','块状',0,148,1,NULL,NULL),(25210,15,'Ag,Hg,As','KC015','块状',0,148,1,NULL,NULL),(25211,16,'Ag,Hg,As','KC016','块状',0,148,1,NULL,NULL),(25213,2,'Ag,Hg,As','KC001','块状',1,148,1,NULL,NULL),(25214,1,'Ag,Hg,As','KC001','块状',0,149,1,NULL,NULL),(25215,2,'Ag,Hg,As','KC002','块状',0,149,1,NULL,NULL),(25216,3,'Ag,Hg,As','KC003','块状',0,149,1,NULL,NULL),(25217,4,'Ag,Hg,As','KC004','块状',0,149,1,NULL,NULL),(25218,5,'Ag,Hg,As','KC005','块状',0,149,1,NULL,NULL),(25219,6,'Ag,Hg,As','KC006','块状',0,149,1,NULL,NULL),(25220,7,'Ag,Hg,As','KC007','块状',0,149,1,NULL,NULL),(25221,8,'Ag,Hg,As','KC008','块状',0,149,1,NULL,NULL),(25222,9,'Ag,Hg,As','KC009','块状',0,149,1,NULL,NULL),(25223,10,'Ag,Hg,As','KC010','块状',0,149,1,NULL,NULL),(25224,11,'Ag,Hg,As','KC011','块状',0,149,1,NULL,NULL),(25225,12,'Ag,Hg,As','KC012','23',0,149,1,NULL,NULL),(25226,13,'Ag,Hg,As','KC013','块状',0,149,1,NULL,NULL),(25227,14,'Ag,Hg,As','KC014','块状',0,149,1,NULL,NULL),(25228,15,'Ag,Hg,As','KC015','块状',0,149,1,NULL,NULL),(25229,16,'Ag,Hg,As','KC016','块状',0,149,1,NULL,NULL),(25231,2,'Ag,Hg,As','KC014','块状',1,149,1,NULL,NULL),(25232,1,'Ag,Hg,As','KC001','块状',0,150,1,NULL,NULL),(25233,2,'Ag,Hg,As','KC002','块状',0,150,1,NULL,NULL),(25234,3,'Ag,Hg,As','KC003','块状',0,150,1,NULL,NULL),(25235,4,'Ag,Hg,As','KC004','块状',0,150,1,NULL,NULL),(25236,5,'Ag,Hg,As','KC005','块状',0,150,1,NULL,NULL),(25237,7,'Ag,Hg,As','KC006','块状',0,150,1,NULL,NULL),(25238,8,'Ag,Hg,As','KC007','块状',0,150,1,NULL,NULL),(25239,9,'Ag,Hg,As','KC008','块状',0,150,1,NULL,NULL),(25240,10,'Ag,Hg,As','KC009','块状',0,150,1,NULL,NULL),(25241,11,'Ag,Hg,As','KC010','块状',0,150,1,NULL,NULL),(25242,12,'Ag,Hg,As','KC011','块状',0,150,1,NULL,NULL),(25243,13,'Ag,Hg,As','KC012','块状',0,150,1,NULL,NULL),(25244,14,'Ag,Hg,As','KC013','块状',0,150,1,NULL,NULL),(25245,15,'Ag,Hg,As','KC014','块状',0,150,1,NULL,NULL),(25246,16,'Ag,Hg,As','KC015','块状',0,150,1,NULL,NULL),(25247,17,'Ag,Hg,As','KC016','块状',0,150,1,NULL,NULL),(25248,18,'Ag,Hg,As','KC017','块状',0,150,1,NULL,NULL),(25249,19,'Ag,Hg,As','KC018','块状',0,150,1,NULL,NULL),(25250,20,'Ag,Hg,As','KC019','块状',0,150,1,NULL,NULL),(25251,21,'Ag,Hg,As','KC020','块状',0,150,1,NULL,NULL),(25252,22,'Ag,Hg,As','KC021','块状',0,150,1,NULL,NULL),(25253,23,'Ag,Hg,As','KC022','块状',0,150,1,NULL,NULL),(25254,24,'Ag,Hg,As','KC023','块状',0,150,1,NULL,NULL),(25255,25,'Ag,Hg,As','KC024','块状',0,150,1,NULL,NULL),(25256,26,'Ag,Hg,As','KC025','块状',0,150,1,NULL,NULL),(25257,27,'Ag,Hg,As','KC026','块状',0,150,1,NULL,NULL),(25258,28,'Ag,Hg,As','KC027','块状',0,150,1,NULL,NULL),(25259,29,'Ag,Hg,As','KC028','块状',0,150,1,NULL,NULL),(25260,30,'Ag,Hg,As','KC029','块状',0,150,1,NULL,NULL),(25261,31,'Ag,Hg,As','KC030','块状',0,150,1,NULL,NULL),(25262,32,'Ag,Hg,As','KC031','块状',0,150,1,NULL,NULL),(25263,33,'Ag,Hg,As','KC032','块状',0,150,1,NULL,NULL),(25264,35,'Ag,Hg,As','KC033','块状',0,150,1,NULL,NULL),(25265,36,'Ag,Hg,As','KC034','块状',0,150,1,NULL,NULL),(25266,37,'Ag,Hg,As','KC035','块状',0,150,1,NULL,NULL),(25267,38,'Ag,Hg,As','KC036','块状',0,150,1,NULL,NULL),(25268,39,'Ag,Hg,As','KC037','块状',0,150,1,NULL,NULL),(25269,40,'Ag,Hg,As','KC038','块状',0,150,1,NULL,NULL),(25270,41,'Ag,Hg,As','KC039','块状',0,150,1,NULL,NULL),(25271,42,'Ag,Hg,As','KC040','块状',0,150,1,NULL,NULL),(25272,43,'Ag,Hg,As','KC041','块状',0,150,1,NULL,NULL),(25273,44,'Ag,Hg,As','KC042','块状',0,150,1,NULL,NULL),(25274,46,'Ag,Hg,As','KC043','块状',0,150,1,NULL,NULL),(25275,47,'Ag,Hg,As','KC044','块状',0,150,1,NULL,NULL),(25276,48,'Ag,Hg,As','KC045','块状',0,150,1,NULL,NULL),(25277,49,'Ag,Hg,As','KC046','块状',0,150,1,NULL,NULL),(25278,51,'Ag,Hg,As','KC047','块状',0,150,1,NULL,NULL),(25279,52,'Ag,Hg,As','KC048','块状',0,150,1,NULL,NULL),(25280,53,'Ag,Hg,As','KC049','块状',0,150,1,NULL,NULL),(25281,54,'Ag,Hg,As','KC050','块状',0,150,1,NULL,NULL),(25282,55,'Ag,Hg,As','KC051','块状',0,150,1,NULL,NULL),(25283,56,'Ag,Hg,As','KC052','块状',0,150,1,NULL,NULL),(25284,58,'Ag,Hg,As','KC053','块状',0,150,1,NULL,NULL),(25285,59,'Ag,Hg,As','KC054','块状',0,150,1,NULL,NULL),(25286,60,'Ag,Hg,As','KC055','块状',0,150,1,NULL,NULL),(25287,61,'Ag,Hg,As','KC056','块状',0,150,1,NULL,NULL),(25288,62,'Ag,Hg,As','KC057','块状',0,150,1,NULL,NULL),(25289,63,'Ag,Hg,As','KC058','块状',0,150,1,NULL,NULL),(25290,64,'Ag,Hg,As','KC059','块状',0,150,1,NULL,NULL),(25291,66,'Ag,Hg,As','KC060','块状',0,150,1,NULL,NULL),(25292,67,'Ag,Hg,As','KC061','块状',0,150,1,NULL,NULL),(25293,68,'Ag,Hg,As','KC062','块状',0,150,1,NULL,NULL),(25294,69,'Ag,Hg,As','KC063','块状',0,150,1,NULL,NULL),(25295,70,'Ag,Hg,As','KC064','块状',0,150,1,NULL,NULL),(25296,71,'Ag,Hg,As','KC065','块状',0,150,1,NULL,NULL),(25297,72,'Ag,Hg,As','KC066','块状',0,150,1,NULL,NULL),(25298,73,'Ag,Hg,As','KC067','块状',0,150,1,NULL,NULL),(25299,74,'Ag,Hg,As','KC068','块状',0,150,1,NULL,NULL),(25300,75,'Ag,Hg,As','KC069','块状',0,150,1,NULL,NULL),(25301,76,'Ag,Hg,As','KC070','块状',0,150,1,NULL,NULL),(25302,77,'Ag,Hg,As','KC071','块状',0,150,1,NULL,NULL),(25303,78,'Ag,Hg,As','KC072','块状',0,150,1,NULL,NULL),(25304,80,'Ag,Hg,As','KC073','块状',0,150,1,NULL,NULL),(25305,81,'Ag,Hg,As','KC074','块状',0,150,1,NULL,NULL),(25306,82,'Ag,Hg,As','KC075','块状',0,150,1,NULL,NULL),(25307,83,'Ag,Hg,As','KC076','块状',0,150,1,NULL,NULL),(25308,84,'Ag,Hg,As','KC077','块状',0,150,1,NULL,NULL),(25309,85,'Ag,Hg,As','KC078','块状',0,150,1,NULL,NULL),(25310,86,'Ag,Hg,As','KC079','块状',0,150,1,NULL,NULL),(25311,87,'Ag,Hg,As','KC080','块状',0,150,1,NULL,NULL),(25312,88,'Ag,Hg,As','KC081','块状',0,150,1,NULL,NULL),(25313,89,'Ag,Hg,As','KC082','块状',0,150,1,NULL,NULL),(25314,90,'Ag,Hg,As','KC083','块状',0,150,1,NULL,NULL),(25315,91,'Ag,Hg,As','KC084','块状',0,150,1,NULL,NULL),(25316,92,'Ag,Hg,As','KC085','块状',0,150,1,NULL,NULL),(25317,94,'Ag,Hg,As','KC086','块状',0,150,1,NULL,NULL),(25318,95,'Ag,Hg,As','KC087','块状',0,150,1,NULL,NULL),(25319,96,'Ag,Hg,As','KC088','块状',0,150,1,NULL,NULL),(25320,97,'Ag,Hg,As','KC089','块状',0,150,1,NULL,NULL),(25321,98,'Ag,Hg,As','KC090','块状',0,150,1,NULL,NULL),(25322,99,'Ag,Hg,As','KC091','块状',0,150,1,NULL,NULL),(25323,100,'Ag,Hg,As','KC092','块状',0,150,1,NULL,NULL),(25324,101,'Ag,Hg,As','KC093','块状',0,150,1,NULL,NULL),(25325,102,'Ag,Hg,As','KC094','块状',0,150,1,NULL,NULL),(25326,103,'Ag,Hg,As','KC095','块状',0,150,1,NULL,NULL),(25327,104,'Ag,Hg,As','KC096','块状',0,150,1,NULL,NULL),(25328,105,'Ag,Hg,As','KC097','块状',0,150,1,NULL,NULL),(25329,106,'Ag,Hg,As','KC098','块状',0,150,1,NULL,NULL),(25330,107,'Ag,Hg,As','KC099','块状',0,150,1,NULL,NULL),(25331,108,'Ag,Hg,As','KC100','块状',0,150,1,NULL,NULL),(25332,109,'Ag,Hg,As','KC101','块状',0,150,1,NULL,NULL),(25333,111,'Ag,Hg,As','KC102','块状',0,150,1,NULL,NULL),(25334,112,'Ag,Hg,As','KC103','块状',0,150,1,NULL,NULL),(25335,114,'Ag,Hg,As','KC104','块状',0,150,1,NULL,NULL),(25336,115,'Ag,Hg,As','KC105','块状',0,150,1,NULL,NULL),(25337,116,'Ag,Hg,As','KC106','块状',0,150,1,NULL,NULL),(25338,117,'Ag,Hg,As','KC107','块状',0,150,1,NULL,NULL),(25339,118,'Ag,Hg,As','KC108','块状',0,150,1,NULL,NULL),(25340,119,'Ag,Hg,As','KC109','块状',0,150,1,NULL,NULL),(25341,120,'Ag,Hg,As','KC110','块状',0,150,1,NULL,NULL),(25342,121,'Ag,Hg,As','KC111','块状',0,150,1,NULL,NULL),(25343,122,'Ag,Hg,As','KC112','块状',0,150,1,NULL,NULL),(25344,123,'Ag,Hg,As','KC113','块状',0,150,1,NULL,NULL),(25345,124,'Ag,Hg,As','KC114','块状',0,150,1,NULL,NULL),(25346,125,'Ag,Hg,As','KC115','块状',0,150,1,NULL,NULL),(25347,126,'Ag,Hg,As','KC116','块状',0,150,1,NULL,NULL),(25348,127,'Ag,Hg,As','KC117','块状',0,150,1,NULL,NULL),(25349,6,'Ag,Hg,As','KC020','块状',1,150,1,NULL,NULL),(25350,45,'Ag,Hg,As','KC017','块状',1,150,1,NULL,NULL),(25351,50,'Ag,Hg,As','KC018','块状',1,150,1,NULL,NULL),(25352,34,'Ag,Hg,As','KC037','块状',1,150,1,NULL,NULL),(25353,57,'Ag,Hg,As','KC071','块状',1,150,1,NULL,NULL),(25354,93,'Ag,Hg,As','KC088','块状',1,150,1,NULL,NULL),(25355,79,'Ag,Hg,As','KC091','块状',1,150,1,NULL,NULL),(25356,65,'Ag,Hg,As','KC053','块状',1,150,1,NULL,NULL),(25357,113,'Ag,Hg,As','KC112','块状',1,150,1,NULL,NULL),(25358,110,'Ag,Hg,As','KC116','块状',1,150,1,NULL,NULL),(25359,1,'Ag,Cr,As','KC001','块状',0,151,8,NULL,NULL),(25360,2,'Ag,Cr,As','KC002','块状',0,151,8,NULL,NULL),(25361,3,'Ag,Cr,As','KC003','块状',0,151,8,NULL,NULL),(25362,4,'Ag,Cr,As','KC004','块状',0,151,8,NULL,NULL),(25363,5,'Ag,Cr,As','KC005','块状',0,151,8,NULL,NULL),(25364,8,'Ag,Cr,As','KC006','块状',0,151,8,NULL,NULL),(25365,9,'Ag,Cr,As','KC007','块状',0,151,8,NULL,NULL),(25366,10,'Ag,Cr,As','KC008','块状',0,151,8,NULL,NULL),(25367,11,'Ag,Cr,As','KC009','块状',0,151,8,NULL,NULL),(25368,12,'Ag,Cr,As','KC010','块状',0,151,8,NULL,NULL),(25369,13,'Ag,Cr,As','KC011','块状',0,151,8,NULL,NULL),(25370,14,'Ag,Cr,As','KC012','23',0,151,8,NULL,NULL),(25371,15,'Ag,Cr,As','KC013','块状',0,151,8,NULL,NULL),(25372,16,'Ag,Cr,As','KC014','块状',0,151,8,NULL,NULL),(25373,17,'Ag,Cr,As','KC015','块状',0,151,8,NULL,NULL),(25374,19,'Ag,Cr,As','KC016','块状',0,151,8,NULL,NULL),(25375,7,'Ag,Cr,As','KC004','块状',1,151,8,NULL,NULL),(25376,18,'Ag,Cr,As','KC014','块状',1,151,8,NULL,NULL),(25377,6,'As,Ag,Cr','GSES I–1','粉末',2,151,8,NULL,NULL);

/*Table structure for table `t_standard_sample` */

DROP TABLE IF EXISTS `t_standard_sample`;

CREATE TABLE `t_standard_sample` (
  `id` int(11) NOT NULL AUTO_INCREMENT,
  `project_id` int(11) DEFAULT NULL,
  `rock_id` int(11) DEFAULT NULL,
  `name` varchar(30) DEFAULT NULL,
  `content` decimal(10,2) DEFAULT NULL COMMENT '元素含量',
  `state` varchar(30) DEFAULT NULL,
  `unit` int(10) DEFAULT NULL COMMENT '单位',
  `order_no` int(11) DEFAULT NULL,
  PRIMARY KEY (`id`),
  KEY `FKrcvv9cv8oamr5judstx6054c6` (`project_id`),
  KEY `FKslbtuds44rq6efv23wtop6kn8` (`rock_id`),
  CONSTRAINT `FKrcvv9cv8oamr5judstx6054c6` FOREIGN KEY (`project_id`) REFERENCES `t_project` (`id`),
  CONSTRAINT `FKslbtuds44rq6efv23wtop6kn8` FOREIGN KEY (`rock_id`) REFERENCES `t_a_rock` (`id`)
) ENGINE=InnoDB AUTO_INCREMENT=1051 DEFAULT CHARSET=utf8;

/*Data for the table `t_standard_sample` */

insert  into `t_standard_sample`(`id`,`project_id`,`rock_id`,`name`,`content`,`state`,`unit`,`order_no`) values (1,813,74,'GSD-9','89.00','粉末',9,1),(2,808,75,'GSD-9','8.40','粉末',6,2),(3,826,1,'GSD-9','54.00','粉末',6,3),(4,827,1,'GSD-9','430.00','粉末',6,4),(5,828,1,'GSD-9','1.80','粉末',6,5),(6,809,1,'GSD-9','0.42','粉末',6,6),(7,810,1,'GSD-9','0.26','粉末',6,7),(8,824,1,'GSD-9','78.00','粉末',6,8),(9,843,1,'GSD-9','52.00','粉末',6,9),(10,811,1,'GSD-9','14.40','粉末',6,10),(11,812,1,'GSD-9','85.00','粉末',6,11),(12,813,1,'GSD-9','32.00','粉末',6,12),(13,829,1,'GSD-9','494.00','粉末',6,13),(14,844,1,'GSD-9','14.00','粉末',6,14),(15,845,1,'GSD-9','1.30','粉末',6,15),(16,807,1,'GSD-9','83.00','粉末',9,16),(17,831,1,'GSD-9','40.00','粉末',6,17),(18,832,1,'GSD-9','30.00','粉末',6,18),(19,814,1,'GSD-9','620.00','粉末',6,19),(20,819,1,'GSD-9','0.64','粉末',6,20),(21,833,1,'GSD-9','18.00','粉末',6,21),(22,825,1,'GSD-9','32.00','粉末',6,22),(23,834,1,'GSD-9','670.00','粉末',6,23),(24,822,1,'GSD-9','23.00','粉末',6,24),(25,806,1,'GSD-10','270.00','粉末',9,25),(26,808,1,'GSD-10','25.00','粉末',6,26),(27,826,1,'GSD-10','26.00','粉末',6,27),(28,827,1,'GSD-10','42.00','粉末',6,28),(29,828,1,'GSD-10','0.90','粉末',6,29),(30,809,1,'GSD-10','0.38','粉末',6,30),(31,810,1,'GSD-10','1.12','粉末',6,31),(32,824,1,'GSD-10','38.00','粉末',6,32),(33,843,1,'GSD-10','53.00','粉末',6,33),(34,811,1,'GSD-10','15.30','粉末',6,34),(35,812,1,'GSD-10','136.00','粉末',6,35),(36,813,1,'GSD-10','22.60','粉末',6,36),(37,829,1,'GSD-10','149.00','粉末',6,37),(38,844,1,'GSD-10','6.40','粉末',6,38),(39,845,1,'GSD-10','0.40','粉末',6,39),(40,807,1,'GSD-10','280.00','粉末',9,40),(41,831,1,'GSD-10','13.00','粉末',6,41),(42,832,1,'GSD-10','13.00','粉末',6,42),(43,814,1,'GSD-10','1010.00','粉末',6,43),(44,819,1,'GSD-10','1.20','粉末',6,44),(45,833,1,'GSD-10','6.80','粉末',6,45),(46,825,1,'GSD-10','30.00','粉末',6,46),(47,834,1,'GSD-10','271.00','粉末',6,47),(48,822,1,'GSD-10','27.00','粉末',6,48),(49,806,1,'GSD-11','3200.00','粉末',9,49),(50,808,1,'GSD-11','188.00','粉末',6,50),(51,826,1,'GSD-11','26.00','粉末',6,51),(52,827,1,'GSD-11','260.00','粉末',6,52),(53,828,1,'GSD-11','26.00','粉末',6,53),(54,809,1,'GSD-11','50.00','粉末',6,54),(55,810,1,'GSD-11','2.30','粉末',6,55),(56,824,1,'GSD-11','58.00','粉末',6,56),(57,843,1,'GSD-11','290.00','粉末',6,57),(58,811,1,'GSD-11','8.50','粉末',6,58),(59,812,1,'GSD-11','40.00','粉末',6,59),(60,813,1,'GSD-11','79.00','粉末',6,60),(61,829,1,'GSD-11','1650.00','粉末',6,61),(62,844,1,'GSD-11','18.50','粉末',6,62),(63,845,1,'GSD-11','1.81','粉末',6,63),(64,807,1,'GSD-11','72.00','粉末',9,64),(65,831,1,'GSD-11','30.00','粉末',6,65),(66,832,1,'GSD-11','71.00','粉末',6,66),(67,814,1,'GSD-11','2490.00','粉末',6,67),(68,819,1,'GSD-11','5.90','粉末',6,68),(69,833,1,'GSD-11','25.00','粉末',6,69),(70,825,1,'GSD-11','14.30','粉末',6,70),(71,834,1,'GSD-11','255.00','粉末',6,71),(72,822,1,'GSD-11','636.00','粉末',6,72),(73,806,1,'GSD-12','1.15','粉末',9,73),(74,808,1,'GSD-12','115.00','粉末',6,74),(75,826,1,'GSD-12','24.00','粉末',6,75),(76,827,1,'GSD-12','206.00','粉末',6,76),(77,828,1,'GSD-12','8.20','粉末',6,77),(78,809,1,'GSD-12','10.90','粉末',6,78),(79,810,1,'GSD-12','4.00','粉末',6,79),(80,824,1,'GSD-12','61.00','粉末',6,80),(81,843,1,'GSD-12','163.00','粉末',6,81),(82,811,1,'GSD-12','8.80','粉末',6,82),(83,812,1,'GSD-12','35.00','粉末',6,83),(84,813,1,'GSD-12','1230.00','粉末',6,84),(85,829,1,'GSD-12','1250.00','粉末',6,85),(86,844,1,'GSD-12','14.10','粉末',6,86),(87,845,1,'GSD-12','1.87','粉末',6,87),(88,807,1,'GSD-12','56.00','粉末',9,88),(89,831,1,'GSD-12','32.70','粉末',6,89),(90,832,1,'GSD-12','39.00','粉末',6,90),(91,814,1,'GSD-12','1400.00','粉末',6,91),(92,819,1,'GSD-12','8.40','粉末',6,92),(93,833,1,'GSD-12','15.40','粉末',6,93),(94,825,1,'GSD-12','12.80','粉末',6,94),(95,834,1,'GSD-12','235.00','粉末',6,95),(96,806,1,'GSD-1a','1.15','粉末',9,96),(97,808,1,'GSD-1a','115.00','粉末',6,97),(98,826,1,'GSD-1a','24.00','粉末',6,98),(99,827,1,'GSD-1a','206.00','粉末',6,99),(100,828,1,'GSD-1a','8.20','粉末',6,100),(101,809,1,'GSD-1a','10.90','粉末',6,101),(102,810,1,'GSD-1a','4.00','粉末',6,102),(103,824,1,'GSD-1a','61.00','粉末',6,103),(104,843,1,'GSD-1a','163.00','粉末',6,104),(105,811,1,'GSD-1a','8.80','粉末',6,105),(106,812,1,'GSD-1a','35.00','粉末',6,106),(107,813,1,'GSD-1a','1230.00','粉末',6,107),(108,829,1,'GSD-1a','1250.00','粉末',6,108),(109,844,1,'GSD-1a','14.10','粉末',6,109),(110,845,1,'GSD-1a','1.87','粉末',6,110),(111,807,1,'GSD-1a','56.00','粉末',9,111),(112,831,1,'GSD-1a','32.70','粉末',6,112),(113,832,1,'GSD-1a','39.00','粉末',6,113),(114,814,1,'GSD-1a','1400.00','粉末',6,114),(115,819,1,'GSD-1a','8.40','粉末',6,115),(116,833,1,'GSD-1a','15.40','粉末',6,116),(117,825,1,'GSD-1a','12.80','粉末',6,117),(118,834,1,'GSD-1a','235.00','粉末',6,118),(119,822,1,'GSD-1a','31.00','粉末',6,119),(120,862,2,'GSO-1','0.26','粉末',2,120),(121,863,2,'GSO-1','0.43','粉末',2,121),(122,864,2,'GSO-1','0.83','粉末',2,122),(123,861,2,'GSO-1','2.67','粉末',2,123),(124,871,2,'GSO-1','32.00','粉末',6,124),(125,867,2,'GSO-1','28.00','粉末',6,125),(126,877,2,'GSO-1','0.04','粉末',2,126),(127,868,2,'GSO-1','94.00','粉末',6,127),(128,869,2,'GSO-1','2.80','粉末',6,128),(129,870,2,'GSO-1','4.20','粉末',6,129),(130,878,2,'GSO-1','63.00','粉末',2,130),(131,879,2,'GSO-1','14.10','粉末',2,131),(132,880,2,'GSO-1','1.52','粉末',2,132),(154,862,2,'GSO-2','1.05','粉末',2,133),(155,863,2,'GSO-2','2.17','粉末',2,134),(156,864,2,'GSO-2','4.26','粉末',2,135),(157,861,2,'GSO-2','6.74','粉末',2,136),(158,871,2,'GSO-2','172.00','粉末',6,137),(159,867,2,'GSO-2','24.00','粉末',6,138),(160,877,2,'GSO-2','0.28','粉末',2,139),(161,868,2,'GSO-2','610.00','粉末',6,140),(162,869,2,'GSO-2','75.00','粉末',6,141),(163,870,2,'GSO-2','17.00','粉末',6,142),(164,878,2,'GSO-2','47.90','粉末',2,143),(165,879,2,'GSO-2','11.20','粉末',2,144),(166,880,2,'GSO-2','4.70','粉末',2,145),(188,806,1,'GSR-1','0.03','粉末',6,146),(189,808,1,'GSR-1','2.10','粉末',6,147),(190,826,1,'GSR-1','24.00','粉末',6,148),(191,827,1,'GSR-1','343.00','粉末',6,149),(192,828,1,'GSR-1','12.40','粉末',6,150),(193,809,1,'GSR-1','0.53','粉末',6,151),(194,810,1,'GSR-1','0.03','粉末',6,152),(195,824,1,'GSR-1','108.00','粉末',6,153),(196,843,1,'GSR-1','127.00','粉末',6,154),(197,811,1,'GSR-1','3.40','粉末',6,155),(198,812,1,'GSR-1','3.60','粉末',6,156),(199,813,1,'GSR-1','3.20','粉末',6,157),(200,829,1,'GSR-1','2350.00','粉末',6,158),(201,844,1,'GSR-1','19.00','粉末',6,159),(202,845,1,'GSR-1','2.00','粉末',6,160),(203,807,1,'GSR-1','0.00','粉末',6,161),(204,831,1,'GSR-1','54.00','粉末',6,162),(205,832,1,'GSR-1','131.00','粉末',6,163),(206,814,1,'GSR-1','463.00','粉末',6,164),(207,819,1,'GSR-1','3.50','粉末',6,165),(208,833,1,'GSR-1','40.00','粉末',6,166),(209,825,1,'GSR-1','2.30','粉末',6,167),(210,834,1,'GSR-1','405.00','粉末',6,168),(211,822,1,'GSR-1','31.00','粉末',6,169),(212,806,1,'GSR-2','0.07','粉末',6,170),(213,808,1,'GSR-2','2.10','粉末',6,171),(214,826,1,'GSR-2','4.70','粉末',6,172),(215,827,1,'GSR-2','1020.00','粉末',6,173),(216,828,1,'GSR-2','1.10','粉末',6,174),(217,809,1,'GSR-2','0.08','粉末',6,175),(218,810,1,'GSR-2','0.06','粉末',6,176),(219,824,1,'GSR-2','40.00','粉末',6,177),(220,843,1,'GSR-2','46.00','粉末',6,178),(221,811,1,'GSR-2','13.20','粉末',6,179),(222,812,1,'GSR-2','32.00','粉末',6,180),(223,813,1,'GSR-2','55.00','粉末',6,181),(224,829,1,'GSR-2','280.00','粉末',6,182),(225,844,1,'GSR-2','18.10','粉末',6,183),(226,845,1,'GSR-2','0.93','粉末',6,184),(227,807,1,'GSR-2','0.01','粉末',6,185),(228,831,1,'GSR-2','22.00','粉末',6,186),(229,832,1,'GSR-2','18.30','粉末',6,187),(230,814,1,'GSR-2','604.00','粉末',6,188),(231,819,1,'GSR-2','0.54','粉末',6,189),(232,833,1,'GSR-2','6.80','粉末',6,190),(233,825,1,'GSR-2','17.00','粉末',6,191),(234,834,1,'GSR-2','1030.00','粉末',6,192),(235,822,1,'GSR-2','11.30','粉末',6,193),(236,806,1,'GSR-3','0.04','粉末',6,194),(237,808,1,'GSR-3','0.70','粉末',6,195),(238,826,1,'GSR-3','3.50','粉末',6,196),(239,827,1,'GSR-3','527.00','粉末',6,197),(240,828,1,'GSR-3','2.50','粉末',6,198),(241,809,1,'GSR-3','0.05','粉末',6,199),(242,810,1,'GSR-3','0.07','粉末',6,200),(243,824,1,'GSR-3','105.00','粉末',6,201),(244,843,1,'GSR-3','114.00','粉末',6,202),(245,811,1,'GSR-3','46.50','粉末',6,203),(246,812,1,'GSR-3','134.00','粉末',6,204),(247,813,1,'GSR-3','49.00','粉末',6,205),(248,829,1,'GSR-3','700.00','粉末',6,206),(249,844,1,'GSR-3','24.80','粉末',6,207),(250,845,1,'GSR-3','0.98','粉末',6,208),(251,807,1,'GSR-3','0.01','粉末',6,209),(252,831,1,'GSR-3','56.00','粉末',6,210),(253,832,1,'GSR-3','9.50','粉末',6,211),(254,814,1,'GSR-3','1310.00','粉末',6,212),(255,819,1,'GSR-3','2.60','粉末',6,213),(256,833,1,'GSR-3','68.00','粉末',6,214),(257,825,1,'GSR-3','140.00','粉末',6,215),(258,834,1,'GSR-3','4130.00','粉末',6,216),(259,822,1,'GSR-3','7.00','粉末',6,217),(260,806,1,'GSR-4','0.06','粉末',6,218),(261,808,1,'GSR-4','9.10','粉末',6,219),(262,826,1,'GSR-4','34.00','粉末',6,220),(263,827,1,'GSR-4','143.00','粉末',6,221),(264,828,1,'GSR-4','0.97','粉末',6,222),(265,809,1,'GSR-4','0.18','粉末',6,223),(266,810,1,'GSR-4','0.06','粉末',6,224),(267,824,1,'GSR-4','48.00','粉末',6,225),(268,843,1,'GSR-4','44.00','粉末',6,226),(269,811,1,'GSR-4','6.40','粉末',6,227),(270,812,1,'GSR-4','20.00','粉末',6,228),(271,813,1,'GSR-4','19.00','粉末',6,229),(272,829,1,'GSR-4','183.00','粉末',6,230),(273,844,1,'GSR-4','5.30','粉末',6,231),(274,845,1,'GSR-4','1.16','粉末',6,232),(275,807,1,'GSR-4','0.01','粉末',6,233),(276,831,1,'GSR-4','21.00','粉末',6,234),(277,832,1,'GSR-4','11.10','粉末',6,235),(278,814,1,'GSR-4','155.00','粉末',6,236),(279,819,1,'GSR-4','0.76','粉末',6,237),(280,833,1,'GSR-4','5.90','粉末',6,238),(281,825,1,'GSR-4','16.60','粉末',6,239),(282,834,1,'GSR-4','970.00','粉末',6,240),(283,822,1,'GSR-4','7.60','粉末',6,241),(284,806,1,'GSR-5','0.05','粉末',6,242),(285,808,1,'GSR-5','1.40','粉末',6,243),(286,826,1,'GSR-5','154.00','粉末',6,244),(287,827,1,'GSR-5','450.00','粉末',6,245),(288,828,1,'GSR-5','3.00','粉末',6,246),(289,809,1,'GSR-5','0.23','粉末',6,247),(290,810,1,'GSR-5','0.03','粉末',6,248),(291,824,1,'GSR-5','109.00','粉末',6,249),(292,843,1,'GSR-5','41.00','粉末',6,250),(293,811,1,'GSR-5','21.00','粉末',6,251),(294,812,1,'GSR-5','99.00','粉末',6,252),(295,813,1,'GSR-5','42.00','粉末',6,253),(296,829,1,'GSR-5','1290.00','粉末',6,254),(297,844,1,'GSR-5','26.00','粉末',6,255),(298,845,1,'GSR-5','3.10','粉末',6,256),(299,807,1,'GSR-5','0.01','粉末',6,257),(300,831,1,'GSR-5','62.00','粉末',6,258),(301,832,1,'GSR-5','44.00','粉末',6,259),(302,814,1,'GSR-5','173.00','粉末',6,260),(303,819,1,'GSR-5','0.35','粉末',6,261),(304,847,1,'GSR-5','540.00','粉末',6,262),(305,833,1,'GSR-5','14.30','粉末',6,263),(306,825,1,'GSR-5','37.00','粉末',6,264),(307,834,1,'GSR-5','690.00','粉末',6,265),(308,822,1,'GSR-5','8.70','粉末',6,266),(309,806,1,'GSR-6','0.04','粉末',6,267),(310,808,1,'GSR-6','4.70','粉末',6,268),(311,826,1,'GSR-6','16.00','粉末',6,269),(312,827,1,'GSR-6','120.00','粉末',6,270),(313,828,1,'GSR-6','0.80','粉末',6,271),(314,809,1,'GSR-6','0.16','粉末',6,272),(315,810,1,'GSR-6','0.07','粉末',6,273),(316,824,1,'GSR-6','25.00','粉末',6,274),(317,843,1,'GSR-6','78.00','粉末',6,275),(318,811,1,'GSR-6','9.00','粉末',6,276),(319,812,1,'GSR-6','32.00','粉末',6,277),(320,813,1,'GSR-6','23.00','粉末',6,278),(321,829,1,'GSR-6','406.00','粉末',6,279),(322,844,1,'GSR-6','7.10','粉末',6,280),(323,845,1,'GSR-6','0.67','粉末',6,281),(324,807,1,'GSR-6','0.02','粉末',6,282),(325,831,1,'GSR-6','15.00','粉末',6,283),(326,832,1,'GSR-6','20.00','粉末',6,284),(327,814,1,'GSR-6','434.00','粉末',6,285),(328,819,1,'GSR-6','0.38','粉末',6,286),(329,847,1,'GSR-6','170.00','粉末',6,287),(330,833,1,'GSR-6','6.60','粉末',6,288),(331,825,1,'GSR-6','18.00','粉末',6,289),(332,834,1,'GSR-6','226.00','粉末',6,290),(333,822,1,'GSR-6','18.00','粉末',6,291),(334,806,1,'GSR-13','0.03','粉末',6,292),(335,808,1,'GSR-13','0.66','粉末',6,293),(336,826,1,'GSR-13','12.00','粉末',6,294),(337,827,1,'GSR-13','9.00','粉末',6,295),(338,828,1,'GSR-13','0.14','粉末',6,296),(339,809,1,'GSR-13','0.03','粉末',6,297),(340,810,1,'GSR-13','0.02','粉末',6,298),(341,824,1,'GSR-13','4.60','粉末',6,299),(342,843,1,'GSR-13','24.00','粉末',6,300),(343,811,1,'GSR-13','0.80','粉末',6,301),(344,812,1,'GSR-13','3.40','粉末',6,302),(345,813,1,'GSR-13','2.20','粉末',6,303),(346,829,1,'GSR-13','249.00','粉末',6,304),(347,844,1,'GSR-13','0.87','粉末',6,305),(348,845,1,'GSR-13','0.14','粉末',6,306),(349,807,1,'GSR-13','0.01','粉末',6,307),(350,831,1,'GSR-13','2.30','粉末',6,308),(351,832,1,'GSR-13','4.80','粉末',6,309),(352,814,1,'GSR-13','28.00','粉末',6,310),(353,819,1,'GSR-13','0.18','粉末',6,311),(354,833,1,'GSR-13','0.80','粉末',6,312),(355,825,1,'GSR-13','4.00','粉末',6,313),(356,834,1,'GSR-13','57.00','粉末',6,314),(357,822,1,'GSR-13','5.00','粉末',6,315),(358,806,1,'GSR-14','0.03','粉末',6,316),(359,808,1,'GSR-14','0.25','粉末',6,317),(360,826,1,'GSR-14','15.00','粉末',6,318),(361,827,1,'GSR-14','1140.00','粉末',6,319),(362,828,1,'GSR-14','1.70','粉末',6,320),(363,809,1,'GSR-14','0.10','粉末',6,321),(364,810,1,'GSR-14','0.06','粉末',6,322),(365,824,1,'GSR-14','48.00','粉末',6,323),(366,843,1,'GSR-14','120.00','粉末',6,324),(367,811,1,'GSR-14','7.80','粉末',6,325),(368,812,1,'GSR-14','24.00','粉末',6,326),(369,813,1,'GSR-14','3.10','粉末',6,327),(370,829,1,'GSR-14','670.00','粉末',6,328),(371,844,1,'GSR-14','18.20','粉末',6,329),(372,845,1,'GSR-14','0.93','粉末',6,330),(373,807,1,'GSR-14','0.00','粉末',6,331),(374,831,1,'GSR-14','25.00','粉末',6,332),(375,832,1,'GSR-14','24.70','粉末',6,333),(376,814,1,'GSR-14','430.00','粉末',6,334),(377,819,1,'GSR-14','0.27','粉末',6,335),(378,833,1,'GSR-14','4.50','粉末',6,336),(379,825,1,'GSR-14','13.00','粉末',6,337),(380,834,1,'GSR-14','570.00','粉末',6,338),(381,822,1,'GSR-14','7.60','粉末',6,339),(382,806,1,'GSR-15','0.05','粉末',6,340),(383,808,1,'GSR-15','26.00','粉末',6,341),(384,826,1,'GSR-15','12.00','粉末',6,342),(385,827,1,'GSR-15','62.00','粉末',6,343),(386,828,1,'GSR-15','0.34','粉末',6,344),(387,809,1,'GSR-15','0.06','粉末',6,345),(388,810,1,'GSR-15','0.14','粉末',6,346),(389,824,1,'GSR-15','7.70','粉末',6,347),(390,843,1,'GSR-15','116.00','粉末',6,348),(391,811,1,'GSR-15','52.00','粉末',6,349),(392,812,1,'GSR-15','137.00','粉末',6,350),(393,813,1,'GSR-15','84.00','粉末',6,351),(394,829,1,'GSR-15','200.00','粉末',6,352),(395,844,1,'GSR-15','17.20','粉末',6,353),(396,845,1,'GSR-15','1.46','粉末',6,354),(397,807,1,'GSR-15','0.00','粉末',6,355),(398,831,1,'GSR-15','2.90','粉末',6,356),(399,832,1,'GSR-15','11.20','粉末',6,357),(400,814,1,'GSR-15','1600.00','粉末',6,358),(401,819,1,'GSR-15','0.15','粉末',6,359),(402,833,1,'GSR-15','2.70','粉末',6,360),(403,825,1,'GSR-15','117.00','粉末',6,361),(404,834,1,'GSR-15','360.00','粉末',6,362),(405,822,1,'GSR-15','8.00','粉末',6,363),(406,865,2,'GSO-2','20.00','粉末',6,364),(407,862,2,'GSO-3','2.80','粉末',2,365),(408,863,2,'GSO-3','0.06','粉末',2,366),(409,864,2,'GSO-3','0.14','粉末',2,367),(410,861,2,'GSO-3','5.95','粉末',2,368),(411,871,2,'GSO-3','7.40','粉末',6,369),(412,867,2,'GSO-3','137.00','粉末',6,370),(413,877,2,'GSO-3','0.03','粉末',2,371),(414,868,2,'GSO-3','95.00','粉末',6,372),(415,869,2,'GSO-3','86.00','粉末',6,373),(416,865,2,'GSO-3','9.70','粉末',6,374),(417,878,2,'GSO-3','40.60','粉末',2,375),(418,879,2,'GSO-3','7.80','粉末',2,376),(419,880,2,'GSO-3','17.20','粉末',2,377),(420,862,2,'GSO-4','0.10','粉末',2,378),(421,863,2,'GSO-4','5.13','粉末',2,379),(422,864,2,'GSO-4','13.90','粉末',2,380),(423,861,2,'GSO-4','29.00','粉末',2,381),(424,871,2,'GSO-4','400.00','粉末',6,382),(425,867,2,'GSO-4','1.90','粉末',6,383),(426,877,2,'GSO-4','0.15','粉末',2,384),(427,868,2,'GSO-4','260.00','粉末',6,385),(428,869,2,'GSO-4','5.00','粉末',6,386),(429,870,2,'GSO-4','114.00','粉末',6,387),(430,878,2,'GSO-4','14.10','粉末',2,388),(431,879,2,'GSO-4','2.50','粉末',2,389),(432,880,2,'GSO-4','6.50','粉末',2,390),(433,862,2,'GSO-5','24.20','粉末',2,391),(434,863,2,'GSO-5','0.04','粉末',2,392),(435,864,2,'GSO-5','0.06','粉末',2,393),(436,861,2,'GSO-5','33.80','粉末',2,394),(437,871,2,'GSO-5','4.00','粉末',6,395),(438,867,2,'GSO-5','0.22','粉末',2,396),(439,877,2,'GSO-5','0.17','粉末',2,397),(440,868,2,'GSO-5','0.14','粉末',2,398),(441,869,2,'GSO-5','140.00','粉末',6,399),(442,878,2,'GSO-5','3.78','粉末',2,400),(443,879,2,'GSO-5','1.25','粉末',2,401),(444,880,2,'GSO-5','1.96','粉末',2,402),(445,862,2,'GSO-6','0.03','粉末',2,403),(446,863,2,'GSO-6','57.10','粉末',2,404),(447,864,2,'GSO-6','3.30','粉末',2,405),(448,861,2,'GSO-6','23.80','粉末',2,406),(449,871,2,'GSO-6','90.00','粉末',6,407),(450,867,2,'GSO-6','4.00','粉末',6,408),(451,877,2,'GSO-6','0.17','粉末',2,409),(452,868,2,'GSO-6','0.09','粉末',2,410),(453,869,2,'GSO-6','2.00','粉末',6,411),(454,870,2,'GSO-6','46.00','粉末',6,412),(455,878,2,'GSO-6','0.68','粉末',2,413),(456,879,2,'GSO-6','0.27','粉末',2,414),(457,880,2,'GSO-6','0.20','粉末',2,415),(458,862,2,'GSO-7','0.14','粉末',2,416),(459,863,2,'GSO-7','1.44','粉末',2,417),(460,864,2,'GSO-7','52.70','粉末',2,418),(461,861,2,'GSO-7','32.00','粉末',2,419),(462,871,2,'GSO-7','1290.00','粉末',6,420),(463,877,2,'GSO-7','0.06','粉末',2,421),(464,868,2,'GSO-7','132.00','粉末',6,422),(465,870,2,'GSO-7','560.00','粉末',6,423),(466,878,2,'GSO-7','3.24','粉末',2,424),(467,879,2,'GSO-7','0.57','粉末',2,425),(468,880,2,'GSO-7','0.96','粉末',2,426),(591,805,1,'GBW07805 (GAu-2a)','0.85','粉末',9,427),(592,805,1,'GBW07806 (GAu-7a)','3.10','粉末',9,428),(593,805,1,'GBW07242 (GAu-8)','0.50','粉末',9,429),(594,805,1,'GBW07243a (GAu-9a)','1.60','粉末',9,430),(595,805,1,'GBW07244a (GAu-10a)','5.10','粉末',9,431),(596,805,1,'GBW07245a (GAu-11a)','10.50','粉末',9,432),(597,805,1,'GBW07246 (GAu-12)','21.50','粉末',9,433),(598,805,1,'GBW07247 (GAu-13)','50.00','粉末',9,434),(599,805,1,'GBW07248 (GAu-14)','100.00','粉末',9,435),(600,805,1,'GBW(E)070012 (GAu-15)','0.30','粉末',6,436),(601,805,1,'GBW07807 (GAu-16a)','1.10','粉末',6,437),(602,805,1,'GBW07808 (GAu-17a)','3.20','粉末',6,438),(603,805,1,'GBW07809 (GAu-18a)','10.60','粉末',6,439),(604,805,1,'GBW07297 (GAu-19)','18.30','粉末',6,440),(605,805,1,'GBW07298 (GAu-20)','32.30','粉末',6,441),(606,805,1,'GBW07299 (GAu-21)','53.00','粉末',6,442),(607,805,1,'GBW07300 (GAu-22)','5.72','粉末',6,443),(608,805,1,'GBW07810 (GAu-23)','92.00','粉末',6,444),(615,884,3,'GBW07288 (GPt-1)','0.26','粉末',9,445),(616,885,3,'GBW07288 (GPt-1)','0.26','粉末',9,446),(617,888,3,'GBW07288 (GPt-1)','0.05','粉末',9,447),(618,889,3,'GBW07288 (GPt-1)','0.05','粉末',9,448),(619,886,3,'GBW07288 (GPt-1)','0.03','粉末',9,449),(620,887,3,'GBW07288 (GPt-1)','0.02','粉末',9,450),(621,883,3,'GBW07288 (GPt-1)','0.90','粉末',9,451),(622,884,3,'GBW07289 (GPt-2)','1.60','粉末',9,452),(623,885,3,'GBW07289 (GPt-2)','2.30','粉末',9,453),(624,888,3,'GBW07289 (GPt-2)','0.06','粉末',9,454),(625,889,3,'GBW07289 (GPt-2)','0.10','粉末',9,455),(626,886,3,'GBW07289 (GPt-2)','0.05','粉末',9,456),(627,887,3,'GBW07289 (GPt-2)','0.10','粉末',9,457),(628,883,3,'GBW07289 (GPt-2)','10.00','粉末',9,458),(629,884,3,'GBW07290 (GPt-3)','6.40','粉末',9,459),(630,885,3,'GBW07290 (GPt-3)','4.60','粉末',9,460),(631,888,3,'GBW07290 (GPt-3)','9.60','粉末',9,461),(632,889,3,'GBW07290 (GPt-3)','14.80','粉末',9,462),(633,886,3,'GBW07290 (GPt-3)','4.30','粉末',9,463),(634,887,3,'GBW07290 (GPt-3)','1.30','粉末',9,464),(635,883,3,'GBW07290 (GPt-3)','1.10','粉末',9,465),(636,884,3,'GBW07291 (GPt-4)','58.00','粉末',9,466),(637,885,3,'GBW07291 (GPt-4)','60.00','粉末',9,467),(638,888,3,'GBW07291 (GPt-4)','2.40','粉末',9,468),(639,889,3,'GBW07291 (GPt-4)','2.50','粉末',9,469),(640,886,3,'GBW07291 (GPt-4)','4.70','粉末',9,470),(641,887,3,'GBW07291 (GPt-4)','4.30','粉末',9,471),(642,883,3,'GBW07291 (GPt-4)','4.30','粉末',9,472),(643,884,3,'GBW07292 (GPt-5)','20.00','粉末',9,473),(644,885,3,'GBW07292 (GPt-5)','11.30','粉末',9,474),(645,888,3,'GBW07292 (GPt-5)','353.00','粉末',9,475),(646,889,3,'GBW07292 (GPt-5)','527.00','粉末',9,476),(647,886,3,'GBW07292 (GPt-5)','136.00','粉末',9,477),(648,887,3,'GBW07292 (GPt-5)','10.00','粉末',9,478),(649,884,3,'GBW07293 (GPt-6)','440.00','粉末',9,479),(650,885,3,'GBW07293 (GPt-6)','568.00','粉末',9,480),(651,888,3,'GBW07293 (GPt-6)','15.60','粉末',9,481),(652,889,3,'GBW07293 (GPt-6)','13.00','粉末',9,482),(653,886,3,'GBW07293 (GPt-6)','28.00','粉末',9,483),(654,887,3,'GBW07293 (GPt-6)','22.00','粉末',9,484),(655,883,3,'GBW07293 (GPt-6)','45.00','粉末',9,485),(656,884,3,'GBW07294 (GPt-7)','14.70','粉末',9,486),(657,885,3,'GBW07294 (GPt-7)','15.20','粉末',9,487),(658,888,3,'GBW07294 (GPt-7)','0.64','粉末',9,488),(659,889,3,'GBW07294 (GPt-7)','0.66','粉末',9,489),(660,886,3,'GBW07294 (GPt-7)','1.20','粉末',9,490),(661,887,3,'GBW07294 (GPt-7)','1.10','粉末',9,491),(662,883,3,'GBW07294 (GPt-7)','1.80','粉末',9,492),(663,884,3,'GBW07340 (GPt-8)','0.66','粉末',9,493),(664,885,3,'GBW07340 (GPt-8)','0.66','粉末',9,494),(665,888,3,'GBW07340 (GPt-8)','0.25','粉末',9,495),(666,889,3,'GBW07340 (GPt-8)','0.43','粉末',9,496),(667,886,3,'GBW07340 (GPt-8)','0.16','粉末',9,497),(668,887,3,'GBW07340 (GPt-8)','0.07','粉末',9,498),(669,883,3,'GBW07340 (GPt-8)','2.30','粉末',9,499),(670,884,3,'GBW07341 (GPt-9)','1.90','粉末',6,500),(671,885,3,'GBW07341 (GPt-9)','0.57','粉末',6,501),(672,888,3,'GBW07341 (GPt-9)','43.00','粉末',9,502),(673,889,3,'GBW07341 (GPt-9)','74.00','粉末',9,503),(674,886,3,'GBW07341 (GPt-9)','28.00','粉末',9,504),(675,887,3,'GBW07341 (GPt-9)','6.00','粉末',9,505),(676,884,3,'GBW07342 (GPt-10)','5.70','粉末',6,506),(677,885,3,'GBW07342 (GPt-10)','1.67','粉末',6,507),(678,888,3,'GBW07342 (GPt-10)','2.00','粉末',9,508),(679,889,3,'GBW07342 (GPt-10)','2.00','粉末',9,509),(680,886,3,'GBW07342 (GPt-10)','2.10','粉末',9,510),(681,887,3,'GBW07342 (GPt-10)','1.50','粉末',9,511),(749,970,8,'GSES I–1','0.03','粉末',6,512),(750,984,8,'GSES I–1','0.20','粉末',6,513),(751,985,8,'GSES I–1','0.31','粉末',6,514),(752,981,8,'GSES I–1','0.28','粉末',6,515),(753,982,8,'GSES I–1','0.28','粉末',6,516),(754,977,8,'GSES I–1','0.26','粉末',6,517),(755,994,8,'GSES I–1','0.21','粉末',6,518),(756,986,8,'GSES I–1','0.20','粉末',6,519),(757,973,8,'GSES I–1','2.00','粉末',6,520),(758,987,8,'GSES I–1','2.10','粉末',6,521),(759,988,8,'GSES I–1','2.30','粉末',6,522),(760,983,8,'GSES I–1','2.60','粉末',6,523),(761,978,8,'GSES I–1','2.60','粉末',6,524),(762,971,8,'GSES I–1','2.30','粉末',6,525),(763,995,8,'GSES I–1','2.80','粉末',6,526),(764,989,8,'GSES I–1','15.00','粉末',6,527),(765,972,8,'GSES I–1','2.10','粉末',6,528),(766,990,8,'GSES I–1','2.00','粉末',6,529),(767,991,8,'GSES I–1','2.20','粉末',6,530),(768,974,8,'GSES I–1','2.00','粉末',6,531),(769,975,8,'GSES I–1','2.50','粉末',6,532),(770,976,8,'GSES I–1','3.00','粉末',6,533),(771,992,8,'GSES I–1','5.00','粉末',6,534),(772,993,8,'GSES I–1','24.00','粉末',6,535),(773,979,8,'GSES I–1','27.00','粉末',6,536),(774,980,8,'GSES I–1','24.00','粉末',6,537),(775,970,8,'GSES I–2','0.06','粉末',6,538),(776,984,8,'GSES I–2','0.50','粉末',6,539),(777,985,8,'GSES I–2','0.61','粉末',6,540),(778,981,8,'GSES I–2','0.58','粉末',6,541),(779,982,8,'GSES I–2','0.58','粉末',6,542),(780,977,8,'GSES I–2','0.56','粉末',6,543),(781,994,8,'GSES I–2','0.51','粉末',6,544),(782,986,8,'GSES I–2','0.50','粉末',6,545),(783,973,8,'GSES I–2','5.00','粉末',6,546),(784,987,8,'GSES I–2','5.10','粉末',6,547),(785,988,8,'GSES I–2','5.30','粉末',6,548),(786,983,8,'GSES I–2','5.60','粉末',6,549),(787,978,8,'GSES I–2','5.60','粉末',6,550),(788,971,8,'GSES I–2','5.30','粉末',6,551),(789,995,8,'GSES I–2','5.80','粉末',6,552),(790,989,8,'GSES I–2','18.00','粉末',6,553),(791,972,8,'GSES I–2','5.10','粉末',6,554),(792,990,8,'GSES I–2','5.00','粉末',6,555),(793,991,8,'GSES I–2','5.20','粉末',6,556),(794,974,8,'GSES I–2','5.00','粉末',6,557),(795,975,8,'GSES I–2','5.50','粉末',6,558),(796,976,8,'GSES I–2','6.00','粉末',6,559),(797,992,8,'GSES I–2','8.00','粉末',6,560),(798,993,8,'GSES I–2','54.00','粉末',6,561),(799,979,8,'GSES I–2','57.00','粉末',6,562),(800,980,8,'GSES I–2','54.00','粉末',6,563),(801,970,8,'GSES I–3','0.11','粉末',6,564),(802,984,8,'GSES I–3','1.00','粉末',6,565),(803,985,8,'GSES I–3','1.10','粉末',6,566),(804,981,8,'GSES I–3','1.10','粉末',6,567),(805,982,8,'GSES I–3','1.10','粉末',6,568),(806,977,8,'GSES I–3','1.10','粉末',6,569),(807,994,8,'GSES I–3','1.00','粉末',6,570),(808,986,8,'GSES I–3','1.00','粉末',6,571),(809,973,8,'GSES I–3','10.00','粉末',6,572),(810,987,8,'GSES I–3','10.00','粉末',6,573),(811,988,8,'GSES I–3','10.30','粉末',6,574),(812,983,8,'GSES I–3','10.60','粉末',6,575),(813,978,8,'GSES I–3','10.60','粉末',6,576),(814,971,8,'GSES I–3','10.30','粉末',6,577),(815,995,8,'GSES I–3','10.80','粉末',6,578),(816,989,8,'GSES I–3','23.00','粉末',6,579),(817,972,8,'GSES I–3','10.00','粉末',6,580),(818,990,8,'GSES I–3','10.00','粉末',6,581),(819,991,8,'GSES I–3','10.20','粉末',6,582),(820,974,8,'GSES I–3','10.00','粉末',6,583),(821,975,8,'GSES I–3','10.50','粉末',6,584),(822,976,8,'GSES I–3','11.00','粉末',6,585),(823,992,8,'GSES I–3','13.00','粉末',6,586),(824,993,8,'GSES I–3','104.00','粉末',6,587),(825,979,8,'GSES I–3','107.00','粉末',6,588),(826,980,8,'GSES I–3','104.00','粉末',6,589),(827,970,8,'GSES I–4','0.21','粉末',6,590),(828,984,8,'GSES I–4','2.00','粉末',6,591),(829,985,8,'GSES I–4','2.10','粉末',6,592),(830,981,8,'GSES I–4','2.10','粉末',6,593),(831,982,8,'GSES I–4','2.10','粉末',6,594),(832,977,8,'GSES I–4','2.10','粉末',6,595),(833,994,8,'GSES I–4','2.00','粉末',6,596),(834,986,8,'GSES I–4','2.00','粉末',6,597),(835,973,8,'GSES I–4','20.00','粉末',6,598),(836,987,8,'GSES I–4','20.00','粉末',6,599),(837,988,8,'GSES I–4','20.30','粉末',6,600),(838,983,8,'GSES I–4','20.60','粉末',6,601),(839,978,8,'GSES I–4','20.60','粉末',6,602),(840,971,8,'GSES I–4','20.30','粉末',6,603),(841,995,8,'GSES I–4','20.80','粉末',6,604),(842,989,8,'GSES I–4','33.00','粉末',6,605),(843,972,8,'GSES I–4','20.00','粉末',6,606),(844,990,8,'GSES I–4','20.00','粉末',6,607),(845,991,8,'GSES I–4','20.00','粉末',6,608),(846,974,8,'GSES I–4','20.00','粉末',6,609),(847,975,8,'GSES I–4','20.50','粉末',6,610),(848,976,8,'GSES I–4','21.00','粉末',6,611),(849,992,8,'GSES I–4','23.00','粉末',6,612),(850,993,8,'GSES I–4','204.00','粉末',6,613),(851,979,8,'GSES I–4','207.00','粉末',6,614),(852,980,8,'GSES I–4','204.00','粉末',6,615),(853,970,8,'GSES I–5','0.51','粉末',6,616),(854,984,8,'GSES I–5','5.00','粉末',6,617),(855,985,8,'GSES I–5','5.10','粉末',6,618),(856,981,8,'GSES I–5','5.10','粉末',6,619),(857,982,8,'GSES I–5','5.10','粉末',6,620),(858,977,8,'GSES I–5','5.10','粉末',6,621),(859,994,8,'GSES I–5','5.00','粉末',6,622),(860,986,8,'GSES I–5','5.00','粉末',6,623),(861,973,8,'GSES I–5','50.00','粉末',6,624),(862,987,8,'GSES I–5','50.00','粉末',6,625),(863,988,8,'GSES I–5','50.00','粉末',6,626),(864,983,8,'GSES I–5','50.60','粉末',6,627),(865,978,8,'GSES I–5','50.60','粉末',6,628),(866,971,8,'GSES I–5','50.00','粉末',6,629),(867,995,8,'GSES I–5','51.00','粉末',6,630),(868,989,8,'GSES I–5','63.00','粉末',6,631),(869,972,8,'GSES I–5','50.00','粉末',6,632),(870,990,8,'GSES I–5','50.00','粉末',6,633),(871,991,8,'GSES I–5','50.00','粉末',6,634),(872,974,8,'GSES I–5','50.00','粉末',6,635),(873,975,8,'GSES I–5','50.00','粉末',6,636),(874,976,8,'GSES I–5','51.00','粉末',6,637),(875,992,8,'GSES I–5','53.00','粉末',6,638),(876,993,8,'GSES I–5','504.00','粉末',6,639),(877,979,8,'GSES I–5','507.00','粉末',6,640),(878,980,8,'GSES I–5','504.00','粉末',6,641),(879,970,8,'GSES I–6','1.00','粉末',6,642),(880,984,8,'GSES I–6','10.00','粉末',6,643),(881,985,8,'GSES I–6','10.00','粉末',6,644),(882,981,8,'GSES I–6','10.00','粉末',6,645),(883,982,8,'GSES I–6','10.00','粉末',6,646),(884,977,8,'GSES I–6','10.00','粉末',6,647),(885,994,8,'GSES I–6','10.00','粉末',6,648),(886,986,8,'GSES I–6','10.00','粉末',6,649),(887,973,8,'GSES I–6','100.00','粉末',6,650),(888,987,8,'GSES I–6','100.00','粉末',6,651),(889,988,8,'GSES I–6','100.00','粉末',6,652),(890,983,8,'GSES I–6','101.00','粉末',6,653),(891,978,8,'GSES I–6','101.00','粉末',6,654),(892,971,8,'GSES I–6','100.00','粉末',6,655),(893,995,8,'GSES I–6','101.00','粉末',6,656),(894,989,8,'GSES I–6','113.00','粉末',6,657),(895,972,8,'GSES I–6','100.00','粉末',6,658),(896,990,8,'GSES I–6','100.00','粉末',6,659),(897,991,8,'GSES I–6','100.00','粉末',6,660),(898,974,8,'GSES I–6','100.00','粉末',6,661),(899,975,8,'GSES I–6','100.00','粉末',6,662),(900,976,8,'GSES I–6','101.00','粉末',6,663),(901,992,8,'GSES I–6','103.00','粉末',6,664),(902,993,8,'GSES I–6','0.10','粉末',2,665),(903,979,8,'GSES I–6','0.10','粉末',2,666),(904,980,8,'GSES I–6','0.10','粉末',2,667),(905,970,8,'GSES I–7','2.00','粉末',6,668),(906,984,8,'GSES I–7','20.00','粉末',6,669),(907,985,8,'GSES I–7','20.00','粉末',6,670),(908,981,8,'GSES I–7','20.00','粉末',6,671),(909,982,8,'GSES I–7','20.00','粉末',6,672),(910,977,8,'GSES I–7','20.00','粉末',6,673),(911,994,8,'GSES I–7','20.00','粉末',6,674),(912,986,8,'GSES I–7','20.00','粉末',6,675),(913,973,8,'GSES I–7','200.00','粉末',6,676),(914,987,8,'GSES I–7','200.00','粉末',6,677),(915,988,8,'GSES I–7','200.00','粉末',6,678),(916,983,8,'GSES I–7','200.00','粉末',6,679),(917,978,8,'GSES I–7','200.00','粉末',6,680),(918,971,8,'GSES I–7','200.00','粉末',6,681),(919,995,8,'GSES I–7','200.00','粉末',6,682),(920,989,8,'GSES I–7','213.00','粉末',6,683),(921,972,8,'GSES I–7','200.00','粉末',6,684),(922,990,8,'GSES I–7','200.00','粉末',6,685),(923,991,8,'GSES I–7','200.00','粉末',6,686),(924,974,8,'GSES I–7','200.00','粉末',6,687),(925,975,8,'GSES I–7','200.00','粉末',6,688),(926,976,8,'GSES I–7','200.00','粉末',6,689),(927,992,8,'GSES I–7','203.00','粉末',6,690),(928,993,8,'GSES I–7','0.20','粉末',2,691),(929,979,8,'GSES I–7','0.20','粉末',2,692),(930,980,8,'GSES I–7','0.20','粉末',2,693),(931,970,8,'GSES I–8','5.00','粉末',6,694),(932,984,8,'GSES I–8','50.00','粉末',6,695),(933,985,8,'GSES I–8','50.00','粉末',6,696),(934,981,8,'GSES I–8','50.00','粉末',6,697),(935,982,8,'GSES I–8','50.00','粉末',6,698),(936,977,8,'GSES I–8','50.00','粉末',6,699),(937,994,8,'GSES I–8','50.00','粉末',6,700),(938,986,8,'GSES I–8','50.00','粉末',6,701),(939,973,8,'GSES I–8','500.00','粉末',6,702),(940,987,8,'GSES I–8','500.00','粉末',6,703),(941,988,8,'GSES I–8','500.00','粉末',6,704),(942,983,8,'GSES I–8','500.00','粉末',6,705),(943,978,8,'GSES I–8','500.00','粉末',6,706),(944,971,8,'GSES I–8','500.00','粉末',6,707),(945,995,8,'GSES I–8','500.00','粉末',6,708),(946,989,8,'GSES I–8','513.00','粉末',6,709),(947,972,8,'GSES I–8','500.00','粉末',6,710),(948,990,8,'GSES I–8','500.00','粉末',6,711),(949,991,8,'GSES I–8','500.00','粉末',6,712),(950,974,8,'GSES I–8','500.00','粉末',6,713),(951,975,8,'GSES I–8','500.00','粉末',6,714),(952,976,8,'GSES I–8','500.00','粉末',6,715),(953,992,8,'GSES I–8','500.00','粉末',6,716),(954,993,8,'GSES I–8','0.50','粉末',2,717),(955,979,8,'GSES I–8','0.50','粉末',2,718),(956,980,8,'GSES I–8','0.50','粉末',2,719),(957,970,8,'GSES I–9','10.00','粉末',6,720),(958,984,8,'GSES I–9','100.00','粉末',6,721),(959,985,8,'GSES I–9','100.00','粉末',6,722),(960,981,8,'GSES I–9','100.00','粉末',6,723),(961,982,8,'GSES I–9','100.00','粉末',6,724),(962,977,8,'GSES I–9','100.00','粉末',6,725),(963,994,8,'GSES I–9','100.00','粉末',6,726),(964,986,8,'GSES I–9','100.00','粉末',6,727),(965,971,8,'GSES I–9','0.10','粉末',2,728),(966,995,8,'GSES I–9','0.10','粉末',2,729),(967,989,8,'GSES I–9','0.10','粉末',2,730),(968,972,8,'GSES I–9','0.10','粉末',2,731),(969,990,8,'GSES I–9','0.10','粉末',2,732),(970,991,8,'GSES I–9','0.10','粉末',2,733),(971,974,8,'GSES I–9','0.10','粉末',2,734),(972,975,8,'GSES I–9','0.10','粉末',2,735),(973,976,8,'GSES I–9','0.10','粉末',2,736),(974,992,8,'GSES I–9','0.10','粉末',2,737),(975,993,8,'GSES I–9','1.00','粉末',2,738),(976,979,8,'GSES I–9','1.00','粉末',2,739),(977,980,8,'GSES I–9','1.00','粉末',2,740),(978,970,8,'GSES I–10','20.00','粉末',6,741),(979,985,8,'GSES I–10','200.00','粉末',6,742),(980,981,8,'GSES I–10','200.00','粉末',6,743),(981,982,8,'GSES I–10','200.00','粉末',6,744),(982,977,8,'GSES I–10','200.00','粉末',6,745),(983,994,8,'GSES I–10','200.00','粉末',6,746),(984,986,8,'GSES I–10','200.00','粉末',6,747),(985,974,8,'GSES I–10','0.20','粉末',2,748),(986,975,8,'GSES I–10','0.20','粉末',2,749),(987,976,8,'GSES I–10','0.20','粉末',2,750),(988,992,8,'GSES I–10','0.20','粉末',2,751),(989,980,8,'GSES I–10','2.00','粉末',2,752),(990,970,8,'GSES I–11','0.01','粉末',6,753),(991,985,8,'GSES I–11','0.11','粉末',6,754),(992,981,8,'GSES I–11','0.08','粉末',6,755),(993,982,8,'GSES I–11','0.08','粉末',6,756),(994,977,8,'GSES I–11','0.06','粉末',6,757),(995,994,8,'GSES I–11','0.01','粉末',6,758),(996,987,8,'GSES I–11','0.10','粉末',6,759),(997,988,8,'GSES I–11','0.30','粉末',6,760),(998,983,8,'GSES I–11','0.60','粉末',6,761),(999,978,8,'GSES I–11','0.60','粉末',6,762),(1000,971,8,'GSES I–11','0.30','粉末',6,763),(1001,995,8,'GSES I–11','0.80','粉末',6,764),(1002,989,8,'GSES I–11','13.00','粉末',6,765),(1003,972,8,'GSES I–11','0.10','粉末',6,766),(1004,991,8,'GSES I–11','0.20','粉末',6,767),(1005,975,8,'GSES I–11','0.50','粉末',2,768),(1006,976,8,'GSES I–11','1.00','粉末',2,769),(1007,992,8,'GSES I–11','3.00','粉末',2,770),(1008,993,8,'GSES I–11','4.00','粉末',6,771),(1009,979,8,'GSES I–11','7.00','粉末',6,772),(1010,980,8,'GSES I–11','4.00','粉末',6,773),(1011,970,8,'GSES I','0.01','粉末',6,774),(1012,985,8,'GSES I','0.11','粉末',6,775),(1013,981,8,'GSES I','0.08','粉末',6,776),(1014,982,8,'GSES I','0.08','粉末',6,777),(1015,977,8,'GSES I','0.06','粉末',6,778),(1016,994,8,'GSES I','0.01','粉末',6,779),(1017,987,8,'GSES I','0.10','粉末',6,780),(1018,988,8,'GSES I','0.30','粉末',6,781),(1019,983,8,'GSES I','0.60','粉末',6,782),(1020,978,8,'GSES I','0.60','粉末',6,783),(1021,971,8,'GSES I','0.30','粉末',6,784),(1022,995,8,'GSES I','0.80','粉末',6,785),(1023,989,8,'GSES I','13.00','粉末',6,786),(1024,972,8,'GSES I','0.10','粉末',6,787),(1025,991,8,'GSES I','0.20','粉末',6,788),(1026,975,8,'GSES I','0.50','粉末',6,789),(1027,976,8,'GSES I','1.00','粉末',6,790),(1028,992,8,'GSES I','3.00','粉末',6,791),(1029,993,8,'GSES I','4.00','粉末',6,792),(1030,979,8,'GSES I','7.00','粉末',6,793),(1031,980,8,'GSES I','4.00','粉末',6,794),(1032,915,4,'test2','0.11','粉末',2,795),(1034,917,4,'test2','0.33','粉末',2,797),(1035,918,4,'test2','1.78','粉末',2,798),(1040,944,6,'test3','41.10','粉末',2,799),(1041,945,6,'test3','2.33','粉末',2,800),(1042,953,6,'test3','0.11','粉末',2,801),(1046,965,7,'test4','21.20','粉末',2,802),(1047,890,3,'GBW07288 (GPt-1)','0.20','粉末',6,600),(1048,894,3,'GBW07288 (GPt-1)','1.80','粉末',6,601),(1049,916,4,'test2','1.34','粉末',11,796),(1050,813,74,'0','0.00','0',11,0);

/*Table structure for table `t_task` */

DROP TABLE IF EXISTS `t_task`;

CREATE TABLE `t_task` (
  `id` int(11) NOT NULL AUTO_INCREMENT,
  `project` varchar(100) DEFAULT NULL COMMENT '对应的检测项目 Au,Ag',
  `register_id` int(11) NOT NULL COMMENT '对应的检测记录 ',
  `send_sample_id` int(11) DEFAULT NULL COMMENT '上传的送样id',
  `names` varchar(50) DEFAULT NULL COMMENT '这组人的人名集合',
  `type` int(2) NOT NULL COMMENT '1第一次   2复查   ',
  `time_str` varchar(55) DEFAULT NULL COMMENT '时间搓',
  `bianhao` varchar(50) DEFAULT NULL COMMENT '仪器编号',
  `create_date_time` datetime DEFAULT NULL COMMENT '创建时间',
  `danwei` varchar(50) DEFAULT NULL COMMENT '检测结果单位',
  `method` varchar(50) DEFAULT NULL COMMENT '检测方法',
  `name` varchar(50) DEFAULT NULL COMMENT '仪器名称',
  `result` decimal(16,6) DEFAULT NULL COMMENT '检测结果',
  `shidu` varchar(50) DEFAULT NULL COMMENT '湿度',
  `shiji` decimal(15,5) DEFAULT NULL COMMENT '实际误差',
  `smaple_name` varchar(100) DEFAULT NULL COMMENT '样品名称  原样编号 ',
  `state` int(5) NOT NULL COMMENT '0样品  1平行样  2标样 3金标样    ',
  `test_number` varchar(55) DEFAULT NULL COMMENT '检测编号.',
  `use_it` int(11) NOT NULL COMMENT '0不使用  1使用    ',
  `user_ids` varchar(50) DEFAULT NULL COMMENT '标识',
  `wendu` varchar(50) DEFAULT NULL COMMENT '温度',
  `xinghao` varchar(50) DEFAULT NULL COMMENT '仪器型号',
  `yunxu` decimal(15,5) DEFAULT NULL COMMENT '允许误差',
  `is_result` int(5) NOT NULL COMMENT '0没有上伟结果  1上传结果成功      ',
  `update_date_time` datetime DEFAULT NULL COMMENT '结果上传时间',
  `bq` decimal(15,6) DEFAULT NULL COMMENT '比特结果',
  `lei` decimal(15,6) DEFAULT NULL COMMENT '镭含量',
  `pingheng` decimal(15,6) DEFAULT NULL COMMENT '铀镭平衡系数',
  PRIMARY KEY (`id`),
  KEY `FKhh8rhq22ulwbn902e61npd1vs` (`send_sample_id`),
  CONSTRAINT `FKhh8rhq22ulwbn902e61npd1vs` FOREIGN KEY (`send_sample_id`) REFERENCES `t_send_sample` (`id`)
) ENGINE=InnoDB AUTO_INCREMENT=45543 DEFAULT CHARSET=utf8;

/*Data for the table `t_task` */

insert  into `t_task`(`id`,`project`,`register_id`,`send_sample_id`,`names`,`type`,`time_str`,`bianhao`,`create_date_time`,`danwei`,`method`,`name`,`result`,`shidu`,`shiji`,`smaple_name`,`state`,`test_number`,`use_it`,`user_ids`,`wendu`,`xinghao`,`yunxu`,`is_result`,`update_date_time`,`bq`,`lei`,`pingheng`) values (45241,'Ag',133,24723,'小明,小A',1,'VXNheMGy8I','67','2022-02-21 23:09:03','ng/g','67','67','126.650000','',NULL,'KC001',0,'4324',1,'3,4','','67',NULL,1,'2022-03-06 23:30:00',NULL,NULL,NULL),(45242,'Hg',133,24723,'小明,小A',1,'VXNheMGy8I','h','2022-02-21 23:09:03','ng/g','h4','h','12.560000','',NULL,'KC001',0,'4324',1,'3,4','','h',NULL,1,'2022-03-06 23:30:00',NULL,NULL,NULL),(45243,'As',133,24723,'小明,小A',1,'VXNheMGy8I','432','2022-02-21 23:09:03','ng/g','42342432','423','235.500000','',NULL,'KC001',0,'4324',1,'3,4','','423',NULL,1,'2022-03-06 23:30:00',NULL,NULL,NULL),(45244,'Ag',133,24724,'小明,小A',1,'VXNheMGy8I','67','2022-02-21 23:09:03','ng/g','67','67','127.650000','',NULL,'KC002',0,'4325',1,'3,4','','67',NULL,1,'2022-03-06 23:30:00',NULL,NULL,NULL),(45245,'Hg',133,24724,'小明,小A',1,'VXNheMGy8I','h','2022-02-21 23:09:03','ng/g','h4','h','13.560000','',NULL,'KC002',0,'4325',1,'3,4','','h',NULL,1,'2022-03-06 23:30:00',NULL,NULL,NULL),(45246,'As',133,24724,'小明,小A',1,'VXNheMGy8I','432','2022-02-21 23:09:03','ng/g','42342432','423','236.500000','',NULL,'KC002',0,'4325',1,'3,4','','423',NULL,1,'2022-03-06 23:30:00',NULL,NULL,NULL),(45247,'Ag',133,24725,'小明,小A',1,'VXNheMGy8I','67','2022-02-21 23:09:03','ng/g','67','67','128.650000','',NULL,'KC003',0,'4326',1,'3,4','','67',NULL,1,'2022-03-06 23:30:00',NULL,NULL,NULL),(45248,'Hg',133,24725,'小明,小A',1,'VXNheMGy8I','h','2022-02-21 23:09:03','ng/g','h4','h','14.560000','',NULL,'KC003',0,'4326',1,'3,4','','h',NULL,1,'2022-03-06 23:30:00',NULL,NULL,NULL),(45249,'As',133,24725,'小明,小A',1,'VXNheMGy8I','432','2022-02-21 23:09:03','ng/g','42342432','423','237.500000','',NULL,'KC003',0,'4326',1,'3,4','','423',NULL,1,'2022-03-06 23:30:00',NULL,NULL,NULL),(45250,'Ag',133,24726,'小明,小A',1,'VXNheMGy8I','67','2022-02-21 23:09:03','ng/g','67','67','129.650000','',NULL,'KC004',0,'4327',1,'3,4','','67',NULL,1,'2022-03-06 23:30:00',NULL,NULL,NULL),(45251,'Hg',133,24726,'小明,小A',1,'VXNheMGy8I','h','2022-02-21 23:09:03','ng/g','h4','h','15.560000','',NULL,'KC004',0,'4327',1,'3,4','','h',NULL,1,'2022-03-06 23:30:00',NULL,NULL,NULL),(45252,'As',133,24726,'小明,小A',1,'VXNheMGy8I','432','2022-02-21 23:09:03','ng/g','42342432','423','238.500000','',NULL,'KC004',0,'4327',1,'3,4','','423',NULL,1,'2022-03-06 23:30:00',NULL,NULL,NULL),(45253,'Ag',133,24727,'小明,小A',1,'VXNheMGy8I','67','2022-02-21 23:09:03','ng/g','67','67','130.650000','',NULL,'KC005',0,'4328',1,'3,4','','67',NULL,1,'2022-03-06 23:30:00',NULL,NULL,NULL),(45254,'Hg',133,24727,'小明,小A',1,'VXNheMGy8I','h','2022-02-21 23:09:03','ng/g','h4','h','16.560000','',NULL,'KC005',0,'4328',1,'3,4','','h',NULL,1,'2022-03-06 23:30:00',NULL,NULL,NULL),(45255,'As',133,24727,'小明,小A',1,'VXNheMGy8I','432','2022-02-21 23:09:03','ng/g','42342432','423','239.500000','',NULL,'KC005',0,'4328',1,'3,4','','423',NULL,1,'2022-03-06 23:30:00',NULL,NULL,NULL),(45256,'Ag',133,24728,'小明,小A',1,'VXNheMGy8I','67','2022-02-21 23:09:03','ng/g','67','67','131.650000','',NULL,'KC006',0,'4329',1,'3,4','','67',NULL,1,'2022-03-06 23:30:00',NULL,NULL,NULL),(45257,'Hg',133,24728,'小明,小A',1,'VXNheMGy8I','h','2022-02-21 23:09:03','ng/g','h4','h','17.560000','',NULL,'KC006',0,'4329',1,'3,4','','h',NULL,1,'2022-03-06 23:30:00',NULL,NULL,NULL),(45258,'As',133,24728,'小明,小A',1,'VXNheMGy8I','432','2022-02-21 23:09:03','ng/g','42342432','423','240.500000','',NULL,'KC006',0,'4329',1,'3,4','','423',NULL,1,'2022-03-06 23:30:00',NULL,NULL,NULL),(45259,'As',133,24739,'小明,小A',1,'VXNheMGy8I','432','2022-02-21 23:09:03','ng/g','42342432','423','241.500000','',NULL,'GSD-12',2,'4330',1,'3,4','','423',NULL,1,'2022-03-06 23:30:00',NULL,NULL,NULL),(45260,'Ag',133,24739,'小明,小A',1,'VXNheMGy8I','67','2022-02-21 23:09:03','ng/g','67','67','132.650000','',NULL,'GSD-12',2,'4330',1,'3,4','','67',NULL,1,'2022-03-06 23:30:00',NULL,NULL,NULL),(45261,'Hg',133,24739,'小明,小A',1,'VXNheMGy8I','h','2022-02-21 23:09:03','ng/g','h4','h','18.560000','',NULL,'GSD-12',2,'4330',1,'3,4','','h',NULL,1,'2022-03-06 23:30:00',NULL,NULL,NULL),(45262,'Ag',133,24729,'小明,小A',1,'VXNheMGy8I','67','2022-02-21 23:09:03','ng/g','67','67','133.650000','',NULL,'KC007',0,'4331',1,'3,4','','67',NULL,1,'2022-03-06 23:30:00',NULL,NULL,NULL),(45263,'Hg',133,24729,'小明,小A',1,'VXNheMGy8I','h','2022-02-21 23:09:03','ng/g','h4','h','19.560000','',NULL,'KC007',0,'4331',1,'3,4','','h',NULL,1,'2022-03-06 23:30:00',NULL,NULL,NULL),(45264,'As',133,24729,'小明,小A',1,'VXNheMGy8I','432','2022-02-21 23:09:03','ng/g','42342432','423','242.500000','',NULL,'KC007',0,'4331',1,'3,4','','423',NULL,1,'2022-03-06 23:30:00',NULL,NULL,NULL),(45265,'Ag',133,24730,'小明,小A',1,'VXNheMGy8I','67','2022-02-21 23:09:03','ng/g','67','67','134.650000','',NULL,'KC008',0,'4332',1,'3,4','','67',NULL,1,'2022-03-06 23:30:00',NULL,NULL,NULL),(45266,'Hg',133,24730,'小明,小A',1,'VXNheMGy8I','h','2022-02-21 23:09:03','ng/g','h4','h','20.560000','',NULL,'KC008',0,'4332',1,'3,4','','h',NULL,1,'2022-03-06 23:30:00',NULL,NULL,NULL),(45267,'As',133,24730,'小明,小A',1,'VXNheMGy8I','432','2022-02-21 23:09:03','ng/g','42342432','423','243.500000','',NULL,'KC008',0,'4332',1,'3,4','','423',NULL,1,'2022-03-06 23:30:00',NULL,NULL,NULL),(45268,'Ag',133,24731,'小明,小A',1,'VXNheMGy8I','67','2022-02-21 23:09:03','ng/g','67','67','135.650000','',NULL,'KC009',0,'4333',1,'3,4','','67',NULL,1,'2022-03-06 23:30:00',NULL,NULL,NULL),(45269,'Hg',133,24731,'小明,小A',1,'VXNheMGy8I','h','2022-02-21 23:09:03','ng/g','h4','h','21.560000','',NULL,'KC009',0,'4333',1,'3,4','','h',NULL,1,'2022-03-06 23:30:00',NULL,NULL,NULL),(45270,'As',133,24731,'小明,小A',1,'VXNheMGy8I','432','2022-02-21 23:09:03','ng/g','42342432','423','244.500000','',NULL,'KC009',0,'4333',1,'3,4','','423',NULL,1,'2022-03-06 23:30:00',NULL,NULL,NULL),(45271,'Ag',133,24732,'小明,小A',1,'VXNheMGy8I','67','2022-02-21 23:09:03','ng/g','67','67','136.650000','',NULL,'KC010',0,'4334',1,'3,4','','67',NULL,1,'2022-03-06 23:30:00',NULL,NULL,NULL),(45272,'Hg',133,24732,'小明,小A',1,'VXNheMGy8I','h','2022-02-21 23:09:03','ng/g','h4','h','22.560000','',NULL,'KC010',0,'4334',1,'3,4','','h',NULL,1,'2022-03-06 23:30:00',NULL,NULL,NULL),(45273,'As',133,24732,'小明,小A',1,'VXNheMGy8I','432','2022-02-21 23:09:03','ng/g','42342432','423','245.500000','',NULL,'KC010',0,'4334',1,'3,4','','423',NULL,1,'2022-03-06 23:30:00',NULL,NULL,NULL),(45274,'Ag',133,24733,'小明,小A',1,'VXNheMGy8I','67','2022-02-21 23:09:03','ng/g','67','67','137.650000','',NULL,'KC011',0,'4335',1,'3,4','','67',NULL,1,'2022-03-06 23:30:00',NULL,NULL,NULL),(45275,'Hg',133,24733,'小明,小A',1,'VXNheMGy8I','h','2022-02-21 23:09:03','ng/g','h4','h','23.560000','',NULL,'KC011',0,'4335',1,'3,4','','h',NULL,1,'2022-03-06 23:30:00',NULL,NULL,NULL),(45276,'As',133,24733,'小明,小A',1,'VXNheMGy8I','432','2022-02-21 23:09:03','ng/g','42342432','423','246.500000','',NULL,'KC011',0,'4335',1,'3,4','','423',NULL,1,'2022-03-06 23:30:00',NULL,NULL,NULL),(45277,'Ag',133,24734,'小明,小A',1,'VXNheMGy8I','67','2022-02-21 23:09:03','ng/g','67','67','138.650000','',NULL,'KC012',0,'4336',1,'3,4','','67',NULL,1,'2022-03-06 23:30:00',NULL,NULL,NULL),(45278,'Hg',133,24734,'小明,小A',1,'VXNheMGy8I','h','2022-02-21 23:09:03','ng/g','h4','h','24.560000','',NULL,'KC012',0,'4336',1,'3,4','','h',NULL,1,'2022-03-06 23:30:00',NULL,NULL,NULL),(45279,'As',133,24734,'小明,小A',1,'VXNheMGy8I','432','2022-02-21 23:09:03','ng/g','42342432','423','247.500000','',NULL,'KC012',0,'4336',1,'3,4','','423',NULL,1,'2022-03-06 23:30:00',NULL,NULL,NULL),(45280,'Ag',133,24735,'小明,小A',1,'VXNheMGy8I','67','2022-02-21 23:09:03','ng/g','67','67','139.650000','',NULL,'KC013',0,'4337',1,'3,4','','67',NULL,1,'2022-03-06 23:30:00',NULL,NULL,NULL),(45281,'Hg',133,24735,'小明,小A',1,'VXNheMGy8I','h','2022-02-21 23:09:03','ng/g','h4','h','25.560000','',NULL,'KC013',0,'4337',1,'3,4','','h',NULL,1,'2022-03-06 23:30:00',NULL,NULL,NULL),(45282,'As',133,24735,'小明,小A',1,'VXNheMGy8I','432','2022-02-21 23:09:03','ng/g','42342432','423','248.500000','',NULL,'KC013',0,'4337',1,'3,4','','423',NULL,1,'2022-03-06 23:30:00',NULL,NULL,NULL),(45283,'Ag',133,24736,'小明,小A',1,'VXNheMGy8I','67','2022-02-21 23:09:03','ng/g','67','67','140.650000','',NULL,'KC014',0,'4338',1,'3,4','','67',NULL,1,'2022-03-06 23:30:00',NULL,NULL,NULL),(45284,'Hg',133,24736,'小明,小A',1,'VXNheMGy8I','h','2022-02-21 23:09:03','ng/g','h4','h','26.560000','',NULL,'KC014',0,'4338',1,'3,4','','h',NULL,1,'2022-03-06 23:30:00',NULL,NULL,NULL),(45285,'As',133,24736,'小明,小A',1,'VXNheMGy8I','432','2022-02-21 23:09:03','ng/g','42342432','423','249.500000','',NULL,'KC014',0,'4338',1,'3,4','','423',NULL,1,'2022-03-06 23:30:00',NULL,NULL,NULL),(45286,'Ag',133,24737,'小明,小A',1,'VXNheMGy8I','67','2022-02-21 23:09:03','ng/g','67','67','141.650000','',NULL,'KC015',0,'4339',1,'3,4','','67',NULL,1,'2022-03-06 23:30:00',NULL,NULL,NULL),(45287,'Hg',133,24737,'小明,小A',1,'VXNheMGy8I','h','2022-02-21 23:09:03','ng/g','h4','h','27.560000','',NULL,'KC015',0,'4339',1,'3,4','','h',NULL,1,'2022-03-06 23:30:00',NULL,NULL,NULL),(45288,'As',133,24737,'小明,小A',1,'VXNheMGy8I','432','2022-02-21 23:09:03','ng/g','42342432','423','250.500000','',NULL,'KC015',0,'4339',1,'3,4','','423',NULL,1,'2022-03-06 23:30:00',NULL,NULL,NULL),(45289,'Ag',133,24738,'小明,小A',1,'VXNheMGy8I','67','2022-02-21 23:09:03','ng/g','67','67','142.650000','',NULL,'KC016',0,'4340',1,'3,4','','67',NULL,1,'2022-03-06 23:30:00',NULL,NULL,NULL),(45290,'Hg',133,24738,'小明,小A',1,'VXNheMGy8I','h','2022-02-21 23:09:03','ng/g','h4','h','28.560000','',NULL,'KC016',0,'4340',1,'3,4','','h',NULL,1,'2022-03-06 23:30:00',NULL,NULL,NULL),(45291,'As',133,24738,'小明,小A',1,'VXNheMGy8I','432','2022-02-21 23:09:03','ng/g','42342432','423','251.500000','',NULL,'KC016',0,'4340',1,'3,4','','423',NULL,1,'2022-03-06 23:30:00',NULL,NULL,NULL),(45292,'Ag',133,24740,'小明,小A',1,'VXNheMGy8I','67','2022-02-21 23:09:03','ng/g','67','67','143.650000','','12.58000','KC001',1,'4341',1,'3,4','','67','50.00000',1,'2022-03-06 23:30:00',NULL,NULL,NULL),(45293,'Hg',133,24740,'小明,小A',1,'VXNheMGy8I','h','2022-02-21 23:09:03','ng/g','h4','h','29.560000','','80.72000','KC001',1,'4341',1,'3,4','','h','50.00000',1,'2022-03-06 23:30:00',NULL,NULL,NULL),(45294,'As',133,24740,'小明,小A',1,'VXNheMGy8I','432','2022-02-21 23:09:03','ng/g','42342432','423','252.500000','','6.97000','KC001',1,'4341',1,'3,4','','423','50.00000',1,'2022-03-06 23:30:00',NULL,NULL,NULL),(45430,'Ag',134,24741,'张无忌',1,'4iSjvIbm1b',NULL,'2022-03-05 10:55:31',NULL,NULL,NULL,NULL,NULL,NULL,'KC001',0,'56',0,'1',NULL,NULL,NULL,0,NULL,NULL,NULL,NULL),(45431,'Hg',134,24741,'张无忌',1,'4iSjvIbm1b',NULL,'2022-03-05 10:55:31',NULL,NULL,NULL,NULL,NULL,NULL,'KC001',0,'56',0,'1',NULL,NULL,NULL,0,NULL,NULL,NULL,NULL),(45432,'Ag',134,24742,'张无忌',1,'4iSjvIbm1b',NULL,'2022-03-05 10:55:31',NULL,NULL,NULL,NULL,NULL,NULL,'KC002',0,'57',0,'1',NULL,NULL,NULL,0,NULL,NULL,NULL,NULL),(45433,'Hg',134,24742,'张无忌',1,'4iSjvIbm1b',NULL,'2022-03-05 10:55:31',NULL,NULL,NULL,NULL,NULL,NULL,'KC002',0,'57',0,'1',NULL,NULL,NULL,0,NULL,NULL,NULL,NULL),(45434,'Ag',134,24743,'张无忌',1,'4iSjvIbm1b',NULL,'2022-03-05 10:55:31',NULL,NULL,NULL,NULL,NULL,NULL,'KC003',0,'58',0,'1',NULL,NULL,NULL,0,NULL,NULL,NULL,NULL),(45435,'Hg',134,24743,'张无忌',1,'4iSjvIbm1b',NULL,'2022-03-05 10:55:31',NULL,NULL,NULL,NULL,NULL,NULL,'KC003',0,'58',0,'1',NULL,NULL,NULL,0,NULL,NULL,NULL,NULL),(45436,'Ag',134,24744,'张无忌',1,'4iSjvIbm1b',NULL,'2022-03-05 10:55:31',NULL,NULL,NULL,NULL,NULL,NULL,'KC004',0,'59',0,'1',NULL,NULL,NULL,0,NULL,NULL,NULL,NULL),(45437,'Hg',134,24744,'张无忌',1,'4iSjvIbm1b',NULL,'2022-03-05 10:55:31',NULL,NULL,NULL,NULL,NULL,NULL,'KC004',0,'59',0,'1',NULL,NULL,NULL,0,NULL,NULL,NULL,NULL),(45438,'Ag',134,24745,'张无忌',1,'4iSjvIbm1b',NULL,'2022-03-05 10:55:31',NULL,NULL,NULL,NULL,NULL,NULL,'KC005',0,'60',0,'1',NULL,NULL,NULL,0,NULL,NULL,NULL,NULL),(45439,'Hg',134,24745,'张无忌',1,'4iSjvIbm1b',NULL,'2022-03-05 10:55:31',NULL,NULL,NULL,NULL,NULL,NULL,'KC005',0,'60',0,'1',NULL,NULL,NULL,0,NULL,NULL,NULL,NULL),(45440,'Ag',134,24746,'张无忌',1,'4iSjvIbm1b',NULL,'2022-03-05 10:55:31',NULL,NULL,NULL,NULL,NULL,NULL,'KC006',0,'61',0,'1',NULL,NULL,NULL,0,NULL,NULL,NULL,NULL),(45441,'Hg',134,24746,'张无忌',1,'4iSjvIbm1b',NULL,'2022-03-05 10:55:31',NULL,NULL,NULL,NULL,NULL,NULL,'KC006',0,'61',0,'1',NULL,NULL,NULL,0,NULL,NULL,NULL,NULL),(45442,'Ag',134,24747,'张无忌',1,'4iSjvIbm1b',NULL,'2022-03-05 10:55:31',NULL,NULL,NULL,NULL,NULL,NULL,'KC007',0,'62',0,'1',NULL,NULL,NULL,0,NULL,NULL,NULL,NULL),(45443,'Hg',134,24747,'张无忌',1,'4iSjvIbm1b',NULL,'2022-03-05 10:55:31',NULL,NULL,NULL,NULL,NULL,NULL,'KC007',0,'62',0,'1',NULL,NULL,NULL,0,NULL,NULL,NULL,NULL),(45444,'Ag',134,24748,'张无忌',1,'4iSjvIbm1b',NULL,'2022-03-05 10:55:31',NULL,NULL,NULL,NULL,NULL,NULL,'KC008',0,'63',0,'1',NULL,NULL,NULL,0,NULL,NULL,NULL,NULL),(45445,'Hg',134,24748,'张无忌',1,'4iSjvIbm1b',NULL,'2022-03-05 10:55:31',NULL,NULL,NULL,NULL,NULL,NULL,'KC008',0,'63',0,'1',NULL,NULL,NULL,0,NULL,NULL,NULL,NULL),(45446,'Ag',134,24749,'张无忌',1,'4iSjvIbm1b',NULL,'2022-03-05 10:55:31',NULL,NULL,NULL,NULL,NULL,NULL,'KC009',0,'64',0,'1',NULL,NULL,NULL,0,NULL,NULL,NULL,NULL),(45447,'Hg',134,24749,'张无忌',1,'4iSjvIbm1b',NULL,'2022-03-05 10:55:31',NULL,NULL,NULL,NULL,NULL,NULL,'KC009',0,'64',0,'1',NULL,NULL,NULL,0,NULL,NULL,NULL,NULL),(45448,'As',135,24776,'小明',1,'ImiZnJKSBX',NULL,'2022-03-24 17:15:09',NULL,NULL,NULL,NULL,NULL,NULL,'GSD-9',2,'a0011',0,'3',NULL,NULL,NULL,0,NULL,NULL,NULL,NULL),(45449,'As',135,24759,'小明',1,'ImiZnJKSBX',NULL,'2022-03-24 17:15:09',NULL,NULL,NULL,NULL,NULL,NULL,'KC001',0,'a0012',0,'3',NULL,NULL,NULL,0,NULL,NULL,NULL,NULL),(45450,'As',135,24760,'小明',1,'ImiZnJKSBX',NULL,'2022-03-24 17:15:09',NULL,NULL,NULL,NULL,NULL,NULL,'KC002',0,'a0013',0,'3',NULL,NULL,NULL,0,NULL,NULL,NULL,NULL),(45451,'As',135,24761,'小明',1,'ImiZnJKSBX',NULL,'2022-03-24 17:15:09',NULL,NULL,NULL,NULL,NULL,NULL,'KC003',0,'a0014',0,'3',NULL,NULL,NULL,0,NULL,NULL,NULL,NULL),(45452,'As',135,24762,'小明',1,'ImiZnJKSBX',NULL,'2022-03-24 17:15:09',NULL,NULL,NULL,NULL,NULL,NULL,'KC004',0,'a0015',0,'3',NULL,NULL,NULL,0,NULL,NULL,NULL,NULL),(45453,'As',135,24763,'小明',1,'ImiZnJKSBX',NULL,'2022-03-24 17:15:09',NULL,NULL,NULL,NULL,NULL,NULL,'KC005',0,'a0016',0,'3',NULL,NULL,NULL,0,NULL,NULL,NULL,NULL),(45454,'As',135,24764,'小明',1,'ImiZnJKSBX',NULL,'2022-03-24 17:15:09',NULL,NULL,NULL,NULL,NULL,NULL,'KC006',0,'a0017',0,'3',NULL,NULL,NULL,0,NULL,NULL,NULL,NULL),(45455,'As',135,24765,'小明',1,'ImiZnJKSBX',NULL,'2022-03-24 17:15:09',NULL,NULL,NULL,NULL,NULL,NULL,'KC007',0,'a0018',0,'3',NULL,NULL,NULL,0,NULL,NULL,NULL,NULL),(45456,'As',135,24766,'小明',1,'ImiZnJKSBX',NULL,'2022-03-24 17:15:09',NULL,NULL,NULL,NULL,NULL,NULL,'KC008',0,'a0019',0,'3',NULL,NULL,NULL,0,NULL,NULL,NULL,NULL),(45457,'As',135,24767,'小明',1,'ImiZnJKSBX',NULL,'2022-03-24 17:15:09',NULL,NULL,NULL,NULL,NULL,NULL,'KC009',0,'a0020',0,'3',NULL,NULL,NULL,0,NULL,NULL,NULL,NULL),(45458,'As',135,24768,'小明',1,'ImiZnJKSBX',NULL,'2022-03-24 17:15:09',NULL,NULL,NULL,NULL,NULL,NULL,'KC010',0,'a0021',0,'3',NULL,NULL,NULL,0,NULL,NULL,NULL,NULL),(45459,'As',135,24769,'小明',1,'ImiZnJKSBX',NULL,'2022-03-24 17:15:09',NULL,NULL,NULL,NULL,NULL,NULL,'KC011',0,'a0022',0,'3',NULL,NULL,NULL,0,NULL,NULL,NULL,NULL),(45460,'As',135,24770,'小明',1,'ImiZnJKSBX',NULL,'2022-03-24 17:15:09',NULL,NULL,NULL,NULL,NULL,NULL,'KC012',0,'a0023',0,'3',NULL,NULL,NULL,0,NULL,NULL,NULL,NULL),(45461,'As',135,24771,'小明',1,'ImiZnJKSBX',NULL,'2022-03-24 17:15:09',NULL,NULL,NULL,NULL,NULL,NULL,'KC013',0,'a0024',0,'3',NULL,NULL,NULL,0,NULL,NULL,NULL,NULL),(45462,'As',135,24772,'小明',1,'ImiZnJKSBX',NULL,'2022-03-24 17:15:09',NULL,NULL,NULL,NULL,NULL,NULL,'KC014',0,'a0025',0,'3',NULL,NULL,NULL,0,NULL,NULL,NULL,NULL),(45463,'As',135,24773,'小明',1,'ImiZnJKSBX',NULL,'2022-03-24 17:15:09',NULL,NULL,NULL,NULL,NULL,NULL,'KC015',0,'a0026',0,'3',NULL,NULL,NULL,0,NULL,NULL,NULL,NULL),(45464,'As',135,24774,'小明',1,'ImiZnJKSBX',NULL,'2022-03-24 17:15:09',NULL,NULL,NULL,NULL,NULL,NULL,'KC016',0,'a0027',0,'3',NULL,NULL,NULL,0,NULL,NULL,NULL,NULL),(45465,'As',135,24775,'小明',1,'ImiZnJKSBX',NULL,'2022-03-24 17:15:09',NULL,NULL,NULL,NULL,NULL,NULL,'KC014',1,'a0028',0,'3',NULL,NULL,NULL,0,NULL,NULL,NULL,NULL),(45466,'Ag',135,24776,'张一',1,'1dRXXcjagr',NULL,'2022-03-24 17:15:09',NULL,NULL,NULL,NULL,NULL,NULL,'GSD-9',2,'a0011',0,'5',NULL,NULL,NULL,0,NULL,NULL,NULL,NULL),(45467,'Hg',135,24776,'张一',1,'1dRXXcjagr',NULL,'2022-03-24 17:15:09',NULL,NULL,NULL,NULL,NULL,NULL,'GSD-9',2,'a0011',0,'5',NULL,NULL,NULL,0,NULL,NULL,NULL,NULL),(45468,'Ag',135,24759,'张一',1,'1dRXXcjagr',NULL,'2022-03-24 17:15:09',NULL,NULL,NULL,NULL,NULL,NULL,'KC001',0,'a0012',0,'5',NULL,NULL,NULL,0,NULL,NULL,NULL,NULL),(45469,'Hg',135,24759,'张一',1,'1dRXXcjagr',NULL,'2022-03-24 17:15:09',NULL,NULL,NULL,NULL,NULL,NULL,'KC001',0,'a0012',0,'5',NULL,NULL,NULL,0,NULL,NULL,NULL,NULL),(45470,'Ag',135,24760,'张一',1,'1dRXXcjagr',NULL,'2022-03-24 17:15:09',NULL,NULL,NULL,NULL,NULL,NULL,'KC002',0,'a0013',0,'5',NULL,NULL,NULL,0,NULL,NULL,NULL,NULL),(45471,'Hg',135,24760,'张一',1,'1dRXXcjagr',NULL,'2022-03-24 17:15:09',NULL,NULL,NULL,NULL,NULL,NULL,'KC002',0,'a0013',0,'5',NULL,NULL,NULL,0,NULL,NULL,NULL,NULL),(45472,'Ag',135,24761,'张一',1,'1dRXXcjagr',NULL,'2022-03-24 17:15:09',NULL,NULL,NULL,NULL,NULL,NULL,'KC003',0,'a0014',0,'5',NULL,NULL,NULL,0,NULL,NULL,NULL,NULL),(45473,'Hg',135,24761,'张一',1,'1dRXXcjagr',NULL,'2022-03-24 17:15:09',NULL,NULL,NULL,NULL,NULL,NULL,'KC003',0,'a0014',0,'5',NULL,NULL,NULL,0,NULL,NULL,NULL,NULL),(45474,'Ag',135,24762,'张一',1,'1dRXXcjagr',NULL,'2022-03-24 17:15:09',NULL,NULL,NULL,NULL,NULL,NULL,'KC004',0,'a0015',0,'5',NULL,NULL,NULL,0,NULL,NULL,NULL,NULL),(45475,'Hg',135,24762,'张一',1,'1dRXXcjagr',NULL,'2022-03-24 17:15:09',NULL,NULL,NULL,NULL,NULL,NULL,'KC004',0,'a0015',0,'5',NULL,NULL,NULL,0,NULL,NULL,NULL,NULL),(45476,'Ag',135,24763,'张一',1,'1dRXXcjagr',NULL,'2022-03-24 17:15:09',NULL,NULL,NULL,NULL,NULL,NULL,'KC005',0,'a0016',0,'5',NULL,NULL,NULL,0,NULL,NULL,NULL,NULL),(45477,'Hg',135,24763,'张一',1,'1dRXXcjagr',NULL,'2022-03-24 17:15:09',NULL,NULL,NULL,NULL,NULL,NULL,'KC005',0,'a0016',0,'5',NULL,NULL,NULL,0,NULL,NULL,NULL,NULL),(45478,'Ag',135,24764,'张一',1,'1dRXXcjagr',NULL,'2022-03-24 17:15:09',NULL,NULL,NULL,NULL,NULL,NULL,'KC006',0,'a0017',0,'5',NULL,NULL,NULL,0,NULL,NULL,NULL,NULL),(45479,'Hg',135,24764,'张一',1,'1dRXXcjagr',NULL,'2022-03-24 17:15:09',NULL,NULL,NULL,NULL,NULL,NULL,'KC006',0,'a0017',0,'5',NULL,NULL,NULL,0,NULL,NULL,NULL,NULL),(45480,'Ag',135,24765,'张一',1,'1dRXXcjagr',NULL,'2022-03-24 17:15:09',NULL,NULL,NULL,NULL,NULL,NULL,'KC007',0,'a0018',0,'5',NULL,NULL,NULL,0,NULL,NULL,NULL,NULL),(45481,'Hg',135,24765,'张一',1,'1dRXXcjagr',NULL,'2022-03-24 17:15:09',NULL,NULL,NULL,NULL,NULL,NULL,'KC007',0,'a0018',0,'5',NULL,NULL,NULL,0,NULL,NULL,NULL,NULL),(45482,'Ag',135,24766,'张一',1,'1dRXXcjagr',NULL,'2022-03-24 17:15:09',NULL,NULL,NULL,NULL,NULL,NULL,'KC008',0,'a0019',0,'5',NULL,NULL,NULL,0,NULL,NULL,NULL,NULL),(45483,'Hg',135,24766,'张一',1,'1dRXXcjagr',NULL,'2022-03-24 17:15:09',NULL,NULL,NULL,NULL,NULL,NULL,'KC008',0,'a0019',0,'5',NULL,NULL,NULL,0,NULL,NULL,NULL,NULL),(45484,'Ag',135,24767,'张一',1,'1dRXXcjagr',NULL,'2022-03-24 17:15:09',NULL,NULL,NULL,NULL,NULL,NULL,'KC009',0,'a0020',0,'5',NULL,NULL,NULL,0,NULL,NULL,NULL,NULL),(45485,'Hg',135,24767,'张一',1,'1dRXXcjagr',NULL,'2022-03-24 17:15:09',NULL,NULL,NULL,NULL,NULL,NULL,'KC009',0,'a0020',0,'5',NULL,NULL,NULL,0,NULL,NULL,NULL,NULL),(45486,'Ag',135,24768,'张一',1,'1dRXXcjagr',NULL,'2022-03-24 17:15:09',NULL,NULL,NULL,NULL,NULL,NULL,'KC010',0,'a0021',0,'5',NULL,NULL,NULL,0,NULL,NULL,NULL,NULL),(45487,'Hg',135,24768,'张一',1,'1dRXXcjagr',NULL,'2022-03-24 17:15:09',NULL,NULL,NULL,NULL,NULL,NULL,'KC010',0,'a0021',0,'5',NULL,NULL,NULL,0,NULL,NULL,NULL,NULL),(45488,'Ag',135,24769,'张一',1,'1dRXXcjagr',NULL,'2022-03-24 17:15:09',NULL,NULL,NULL,NULL,NULL,NULL,'KC011',0,'a0022',0,'5',NULL,NULL,NULL,0,NULL,NULL,NULL,NULL),(45489,'Hg',135,24769,'张一',1,'1dRXXcjagr',NULL,'2022-03-24 17:15:09',NULL,NULL,NULL,NULL,NULL,NULL,'KC011',0,'a0022',0,'5',NULL,NULL,NULL,0,NULL,NULL,NULL,NULL),(45490,'Ag',135,24770,'张一',1,'1dRXXcjagr',NULL,'2022-03-24 17:15:09',NULL,NULL,NULL,NULL,NULL,NULL,'KC012',0,'a0023',0,'5',NULL,NULL,NULL,0,NULL,NULL,NULL,NULL),(45491,'Hg',135,24770,'张一',1,'1dRXXcjagr',NULL,'2022-03-24 17:15:09',NULL,NULL,NULL,NULL,NULL,NULL,'KC012',0,'a0023',0,'5',NULL,NULL,NULL,0,NULL,NULL,NULL,NULL),(45492,'Ag',135,24771,'张一',1,'1dRXXcjagr',NULL,'2022-03-24 17:15:09',NULL,NULL,NULL,NULL,NULL,NULL,'KC013',0,'a0024',0,'5',NULL,NULL,NULL,0,NULL,NULL,NULL,NULL),(45493,'Hg',135,24771,'张一',1,'1dRXXcjagr',NULL,'2022-03-24 17:15:09',NULL,NULL,NULL,NULL,NULL,NULL,'KC013',0,'a0024',0,'5',NULL,NULL,NULL,0,NULL,NULL,NULL,NULL),(45494,'Ag',135,24772,'张一',1,'1dRXXcjagr',NULL,'2022-03-24 17:15:09',NULL,NULL,NULL,NULL,NULL,NULL,'KC014',0,'a0025',0,'5',NULL,NULL,NULL,0,NULL,NULL,NULL,NULL),(45495,'Hg',135,24772,'张一',1,'1dRXXcjagr',NULL,'2022-03-24 17:15:09',NULL,NULL,NULL,NULL,NULL,NULL,'KC014',0,'a0025',0,'5',NULL,NULL,NULL,0,NULL,NULL,NULL,NULL),(45496,'Ag',135,24773,'张一',1,'1dRXXcjagr',NULL,'2022-03-24 17:15:09',NULL,NULL,NULL,NULL,NULL,NULL,'KC015',0,'a0026',0,'5',NULL,NULL,NULL,0,NULL,NULL,NULL,NULL),(45497,'Hg',135,24773,'张一',1,'1dRXXcjagr',NULL,'2022-03-24 17:15:09',NULL,NULL,NULL,NULL,NULL,NULL,'KC015',0,'a0026',0,'5',NULL,NULL,NULL,0,NULL,NULL,NULL,NULL),(45498,'Ag',135,24774,'张一',1,'1dRXXcjagr',NULL,'2022-03-24 17:15:09',NULL,NULL,NULL,NULL,NULL,NULL,'KC016',0,'a0027',0,'5',NULL,NULL,NULL,0,NULL,NULL,NULL,NULL),(45499,'Hg',135,24774,'张一',1,'1dRXXcjagr',NULL,'2022-03-24 17:15:09',NULL,NULL,NULL,NULL,NULL,NULL,'KC016',0,'a0027',0,'5',NULL,NULL,NULL,0,NULL,NULL,NULL,NULL),(45500,'Ag',135,24775,'张一',1,'1dRXXcjagr',NULL,'2022-03-24 17:15:09',NULL,NULL,NULL,NULL,NULL,NULL,'KC014',1,'a0028',0,'5',NULL,NULL,NULL,0,NULL,NULL,NULL,NULL),(45501,'Hg',135,24775,'张一',1,'1dRXXcjagr',NULL,'2022-03-24 17:15:09',NULL,NULL,NULL,NULL,NULL,NULL,'KC014',1,'a0028',0,'5',NULL,NULL,NULL,0,NULL,NULL,NULL,NULL),(45502,'Ag',133,24740,'小明,小A',2,'XKCjfATY65','67','2022-03-24 17:22:13','ng/g','67','67','1.100000','',NULL,'KC001',1,'4341',0,'3,4','','67',NULL,1,'2022-03-24 17:24:03',NULL,NULL,NULL),(45503,'U',136,24777,'小明',1,'10MvGTjG8A',NULL,'2022-03-24 21:12:33',NULL,NULL,NULL,NULL,NULL,NULL,'H001',0,'a001',0,'3',NULL,NULL,NULL,0,NULL,NULL,NULL,NULL),(45504,'U',136,24778,'小明',1,'10MvGTjG8A',NULL,'2022-03-24 21:12:33',NULL,NULL,NULL,NULL,NULL,NULL,'H002',0,'a002',0,'3',NULL,NULL,NULL,0,NULL,NULL,NULL,NULL),(45505,'U',136,24779,'小明',1,'10MvGTjG8A',NULL,'2022-03-24 21:12:33',NULL,NULL,NULL,NULL,NULL,NULL,'H003',0,'a003',0,'3',NULL,NULL,NULL,0,NULL,NULL,NULL,NULL),(45506,'U',136,24780,'小明',1,'10MvGTjG8A',NULL,'2022-03-24 21:12:33',NULL,NULL,NULL,NULL,NULL,NULL,'H004',0,'a004',0,'3',NULL,NULL,NULL,0,NULL,NULL,NULL,NULL),(45507,'U',136,24781,'小明',1,'10MvGTjG8A',NULL,'2022-03-24 21:12:33',NULL,NULL,NULL,NULL,NULL,NULL,'H005',0,'a005',0,'3',NULL,NULL,NULL,0,NULL,NULL,NULL,NULL),(45508,'U',136,24782,'小明',1,'10MvGTjG8A',NULL,'2022-03-24 21:12:33',NULL,NULL,NULL,NULL,NULL,NULL,'H006',0,'a006',0,'3',NULL,NULL,NULL,0,NULL,NULL,NULL,NULL),(45509,'U',136,24783,'小明',1,'10MvGTjG8A',NULL,'2022-03-24 21:12:33',NULL,NULL,NULL,NULL,NULL,NULL,'H007',0,'a007',0,'3',NULL,NULL,NULL,0,NULL,NULL,NULL,NULL),(45510,'U',136,24786,'小明',1,'10MvGTjG8A',NULL,'2022-03-24 21:12:33',NULL,NULL,NULL,NULL,NULL,NULL,'test2',2,'a008',0,'3',NULL,NULL,NULL,0,NULL,NULL,NULL,NULL),(45511,'U',136,24784,'小明',1,'10MvGTjG8A',NULL,'2022-03-24 21:12:33',NULL,NULL,NULL,NULL,NULL,NULL,'H008',0,'a009',0,'3',NULL,NULL,NULL,0,NULL,NULL,NULL,NULL),(45512,'U',136,24785,'小明',1,'10MvGTjG8A',NULL,'2022-03-24 21:12:33',NULL,NULL,NULL,NULL,NULL,NULL,'H006',1,'a010',0,'3',NULL,NULL,NULL,0,NULL,NULL,NULL,NULL),(45513,'K',136,24777,'张无忌',1,'GiE7iYH2y1',NULL,'2022-03-24 21:12:33',NULL,NULL,NULL,NULL,NULL,NULL,'H001',0,'a001',0,'1',NULL,NULL,NULL,0,NULL,NULL,NULL,NULL),(45514,'K',136,24778,'张无忌',1,'GiE7iYH2y1',NULL,'2022-03-24 21:12:33',NULL,NULL,NULL,NULL,NULL,NULL,'H002',0,'a002',0,'1',NULL,NULL,NULL,0,NULL,NULL,NULL,NULL),(45515,'K',136,24779,'张无忌',1,'GiE7iYH2y1',NULL,'2022-03-24 21:12:33',NULL,NULL,NULL,NULL,NULL,NULL,'H003',0,'a003',0,'1',NULL,NULL,NULL,0,NULL,NULL,NULL,NULL),(45516,'K',136,24780,'张无忌',1,'GiE7iYH2y1',NULL,'2022-03-24 21:12:33',NULL,NULL,NULL,NULL,NULL,NULL,'H004',0,'a004',0,'1',NULL,NULL,NULL,0,NULL,NULL,NULL,NULL),(45517,'K',136,24781,'张无忌',1,'GiE7iYH2y1',NULL,'2022-03-24 21:12:33',NULL,NULL,NULL,NULL,NULL,NULL,'H005',0,'a005',0,'1',NULL,NULL,NULL,0,NULL,NULL,NULL,NULL),(45518,'K',136,24782,'张无忌',1,'GiE7iYH2y1',NULL,'2022-03-24 21:12:33',NULL,NULL,NULL,NULL,NULL,NULL,'H006',0,'a006',0,'1',NULL,NULL,NULL,0,NULL,NULL,NULL,NULL),(45519,'K',136,24783,'张无忌',1,'GiE7iYH2y1',NULL,'2022-03-24 21:12:33',NULL,NULL,NULL,NULL,NULL,NULL,'H007',0,'a007',0,'1',NULL,NULL,NULL,0,NULL,NULL,NULL,NULL),(45520,'K',136,24786,'张无忌',1,'GiE7iYH2y1',NULL,'2022-03-24 21:12:33',NULL,NULL,NULL,NULL,NULL,NULL,'test2',2,'a008',0,'1',NULL,NULL,NULL,0,NULL,NULL,NULL,NULL),(45521,'K',136,24784,'张无忌',1,'GiE7iYH2y1',NULL,'2022-03-24 21:12:33',NULL,NULL,NULL,NULL,NULL,NULL,'H008',0,'a009',0,'1',NULL,NULL,NULL,0,NULL,NULL,NULL,NULL),(45522,'K',136,24785,'张无忌',1,'GiE7iYH2y1',NULL,'2022-03-24 21:12:33',NULL,NULL,NULL,NULL,NULL,NULL,'H006',1,'a010',0,'1',NULL,NULL,NULL,0,NULL,NULL,NULL,NULL),(45523,'Th',136,24777,'小A',1,'YpBvZA58mC',NULL,'2022-03-24 21:12:33',NULL,NULL,NULL,NULL,NULL,NULL,'H001',0,'a001',0,'4',NULL,NULL,NULL,0,NULL,NULL,NULL,NULL),(45524,'Th',136,24778,'小A',1,'YpBvZA58mC',NULL,'2022-03-24 21:12:33',NULL,NULL,NULL,NULL,NULL,NULL,'H002',0,'a002',0,'4',NULL,NULL,NULL,0,NULL,NULL,NULL,NULL),(45525,'Th',136,24779,'小A',1,'YpBvZA58mC',NULL,'2022-03-24 21:12:33',NULL,NULL,NULL,NULL,NULL,NULL,'H003',0,'a003',0,'4',NULL,NULL,NULL,0,NULL,NULL,NULL,NULL),(45526,'Th',136,24780,'小A',1,'YpBvZA58mC',NULL,'2022-03-24 21:12:33',NULL,NULL,NULL,NULL,NULL,NULL,'H004',0,'a004',0,'4',NULL,NULL,NULL,0,NULL,NULL,NULL,NULL),(45527,'Th',136,24781,'小A',1,'YpBvZA58mC',NULL,'2022-03-24 21:12:33',NULL,NULL,NULL,NULL,NULL,NULL,'H005',0,'a005',0,'4',NULL,NULL,NULL,0,NULL,NULL,NULL,NULL),(45528,'Th',136,24782,'小A',1,'YpBvZA58mC',NULL,'2022-03-24 21:12:33',NULL,NULL,NULL,NULL,NULL,NULL,'H006',0,'a006',0,'4',NULL,NULL,NULL,0,NULL,NULL,NULL,NULL),(45529,'Th',136,24783,'小A',1,'YpBvZA58mC',NULL,'2022-03-24 21:12:33',NULL,NULL,NULL,NULL,NULL,NULL,'H007',0,'a007',0,'4',NULL,NULL,NULL,0,NULL,NULL,NULL,NULL),(45530,'Th',136,24786,'小A',1,'YpBvZA58mC',NULL,'2022-03-24 21:12:33',NULL,NULL,NULL,NULL,NULL,NULL,'test2',2,'a008',0,'4',NULL,NULL,NULL,0,NULL,NULL,NULL,NULL),(45531,'Th',136,24784,'小A',1,'YpBvZA58mC',NULL,'2022-03-24 21:12:33',NULL,NULL,NULL,NULL,NULL,NULL,'H008',0,'a009',0,'4',NULL,NULL,NULL,0,NULL,NULL,NULL,NULL),(45532,'Th',136,24785,'小A',1,'YpBvZA58mC',NULL,'2022-03-24 21:12:33',NULL,NULL,NULL,NULL,NULL,NULL,'H006',1,'a010',0,'4',NULL,NULL,NULL,0,NULL,NULL,NULL,NULL),(45533,'Ra',136,24777,'小明',1,'VtRdzrKj0h','','2022-03-24 21:12:33','10^-11','','','1.210000','',NULL,'H001',0,'a001',0,'3','','',NULL,1,'2022-03-24 21:13:40','442.250000',NULL,NULL),(45534,'Ra',136,24778,'小明',1,'VtRdzrKj0h','','2022-03-24 21:12:33','10^-11','','','1.210000','',NULL,'H002',0,'a002',0,'3','','',NULL,1,'2022-03-24 21:13:40','442.250000',NULL,NULL),(45535,'Ra',136,24779,'小明',1,'VtRdzrKj0h','','2022-03-24 21:12:33','10^-11','','','1.210000','',NULL,'H003',0,'a003',0,'3','','',NULL,1,'2022-03-24 21:13:40','442.250000',NULL,NULL),(45536,'Ra',136,24780,'小明',1,'VtRdzrKj0h','','2022-03-24 21:12:33','10^-11','','','1.210000','',NULL,'H004',0,'a004',0,'3','','',NULL,1,'2022-03-24 21:13:40','442.250000',NULL,NULL),(45537,'Ra',136,24781,'小明',1,'VtRdzrKj0h','','2022-03-24 21:12:33','10^-11','','','1.210000','',NULL,'H005',0,'a005',0,'3','','',NULL,1,'2022-03-24 21:13:40','442.250000',NULL,NULL),(45538,'Ra',136,24782,'小明',1,'VtRdzrKj0h','','2022-03-24 21:12:33','10^-11','','','1.210000','',NULL,'H006',0,'a006',0,'3','','',NULL,1,'2022-03-24 21:13:40','442.250000',NULL,NULL),(45539,'Ra',136,24783,'小明',1,'VtRdzrKj0h','','2022-03-24 21:12:33','10^-11','','','1.210000','',NULL,'H007',0,'a007',0,'3','','',NULL,1,'2022-03-24 21:13:40','442.250000',NULL,NULL),(45540,'Ra',136,24786,'小明',1,'VtRdzrKj0h','','2022-03-24 21:12:33','10^-11','','','1.210000','','9.70000','test2',2,'a008',0,'3','','','14.99000',1,'2022-03-24 21:13:40','442.250000',NULL,NULL),(45541,'Ra',136,24784,'小明',1,'VtRdzrKj0h','','2022-03-24 21:12:33','10^-11','','','1.210000','',NULL,'H008',0,'a009',0,'3','','',NULL,1,'2022-03-24 21:13:40','442.250000',NULL,NULL),(45542,'Ra',136,24785,'小明',1,'VtRdzrKj0h','','2022-03-24 21:12:33','10^-11','','','1.210000','','0.00000','H006',1,'a010',0,'3','','','21.58000',1,'2022-03-24 21:13:40','442.250000',NULL,NULL);

/*Table structure for table `t_task_table` */

DROP TABLE IF EXISTS `t_task_table`;

CREATE TABLE `t_task_table` (
  `id` int(11) NOT NULL AUTO_INCREMENT,
  `project_text` varchar(100) DEFAULT NULL COMMENT '检测项目名称',
  `register_id` int(11) NOT NULL COMMENT '对应的检测记录 ',
  `table_between` varchar(100) DEFAULT NULL COMMENT '用户选择的区间',
  `table_row` int(4) DEFAULT NULL COMMENT '第几行，从0开始 ',
  `user_ids` varchar(100) DEFAULT NULL COMMENT '用户的ids',
  `user_text` varchar(100) DEFAULT NULL COMMENT '用户的名称',
  `sendsampleids` varchar(15535) DEFAULT NULL COMMENT '检测项目和区间，对应的样品id',
  PRIMARY KEY (`id`)
) ENGINE=InnoDB AUTO_INCREMENT=140 DEFAULT CHARSET=utf8;

/*Data for the table `t_task_table` */

insert  into `t_task_table`(`id`,`project_text`,`register_id`,`table_between`,`table_row`,`user_ids`,`user_text`,`sendsampleids`) values (122,'Hg,Ag,As',133,'1-18',0,'3,4','小明,小A','24723,24724,24725,24726,24727,24728,24739,24729,24730,24731,24732,24733,24734,24735,24736,24737,24738,24740'),(133,'Hg,Ag',134,'1-9',0,'1','张无忌','24741,24742,24743,24744,24745,24746,24747,24748,24749'),(134,'As',135,'1-18',0,'3','小明','24776,24759,24760,24761,24762,24763,24764,24765,24766,24767,24768,24769,24770,24771,24772,24773,24774,24775'),(135,'Hg,Ag',135,'1-18',1,'5','张一','24776,24759,24760,24761,24762,24763,24764,24765,24766,24767,24768,24769,24770,24771,24772,24773,24774,24775'),(136,'U',136,'1-10',0,'3','小明','24777,24778,24779,24780,24781,24782,24783,24786,24784,24785'),(137,'K',136,'1-10',1,'1','张无忌','24777,24778,24779,24780,24781,24782,24783,24786,24784,24785'),(138,'Th',136,'1-10',2,'4','小A','24777,24778,24779,24780,24781,24782,24783,24786,24784,24785'),(139,'Ra',136,'1-10',3,'3','小明','24777,24778,24779,24780,24781,24782,24783,24786,24784,24785');

/*Table structure for table `t_user_plan` */

DROP TABLE IF EXISTS `t_user_plan`;

CREATE TABLE `t_user_plan` (
  `id` int(11) NOT NULL AUTO_INCREMENT,
  `plan_id` int(11) DEFAULT NULL,
  `user_id` int(11) DEFAULT NULL,
  PRIMARY KEY (`id`),
  KEY `FKcfjdyh9fvv11vqn6eiq1ube3` (`plan_id`),
  KEY `FK504tk9cuo8h2xbkqr7rhull5v` (`user_id`),
  CONSTRAINT `FK504tk9cuo8h2xbkqr7rhull5v` FOREIGN KEY (`user_id`) REFERENCES `t_a_user` (`id`),
  CONSTRAINT `FKcfjdyh9fvv11vqn6eiq1ube3` FOREIGN KEY (`plan_id`) REFERENCES `t_plan` (`id`)
) ENGINE=InnoDB AUTO_INCREMENT=3 DEFAULT CHARSET=utf8;

/*Data for the table `t_user_plan` */

insert  into `t_user_plan`(`id`,`plan_id`,`user_id`) values (1,1,4),(2,1,3);

/*Table structure for table `t_user_task` */

DROP TABLE IF EXISTS `t_user_task`;

CREATE TABLE `t_user_task` (
  `id` int(11) NOT NULL AUTO_INCREMENT,
  `project` varchar(30) DEFAULT NULL,
  `register_id` int(11) DEFAULT NULL,
  `user_id` int(11) DEFAULT NULL,
  `create_date_time` datetime DEFAULT NULL COMMENT ' 创建时间',
  `end_date_time` datetime DEFAULT NULL COMMENT ' 完成时间',
  `names` varchar(55) DEFAULT NULL COMMENT '用户的名子集合',
  `state` int(5) NOT NULL COMMENT '复查状态.1未完成  2已完成.',
  `time_str` varchar(55) DEFAULT NULL COMMENT '时间搓',
  `type` int(5) NOT NULL COMMENT '上传类型 .1第一次   2复查.',
  `user_ids` varchar(100) DEFAULT NULL COMMENT '用户的ids',
  `complete_num` int(5) DEFAULT NULL COMMENT ' 完成的数量 .',
  `total_num` int(5) DEFAULT NULL COMMENT ' 样品的数量.',
  `show_` int(5) NOT NULL COMMENT '0不显示   1显示任务分配完  ',
  PRIMARY KEY (`id`),
  KEY `FK4kb05lluag07kaccacarbcnor` (`register_id`),
  KEY `FKjya42sk1ileskvxxc39hw4ls6` (`user_id`),
  CONSTRAINT `FK4kb05lluag07kaccacarbcnor` FOREIGN KEY (`register_id`) REFERENCES `t_b_register` (`id`),
  CONSTRAINT `FKjya42sk1ileskvxxc39hw4ls6` FOREIGN KEY (`user_id`) REFERENCES `t_a_user` (`id`)
) ENGINE=InnoDB AUTO_INCREMENT=181 DEFAULT CHARSET=utf8;

/*Data for the table `t_user_task` */

insert  into `t_user_task`(`id`,`project`,`register_id`,`user_id`,`create_date_time`,`end_date_time`,`names`,`state`,`time_str`,`type`,`user_ids`,`complete_num`,`total_num`,`show_`) values (155,'Hg,Ag,As',133,3,'2022-02-21 23:09:03','2022-03-06 23:30:00','小明,小A',2,'VXNheMGy8I',1,'3,4',54,54,1),(156,'Hg,Ag,As',133,4,'2022-02-21 23:09:03','2022-03-06 23:30:00','小明,小A',2,'VXNheMGy8I',1,'3,4',54,54,1),(172,'Hg,Ag',134,1,'2022-03-05 10:55:31',NULL,'张无忌',1,'4iSjvIbm1b',1,'1',0,18,0),(173,'As',135,3,'2022-03-24 17:15:09',NULL,'小明',1,'ImiZnJKSBX',1,'3',0,18,1),(174,'Hg,Ag',135,5,'2022-03-24 17:15:09',NULL,'张一',1,'1dRXXcjagr',1,'5',0,36,1),(175,'Ag',133,3,'2022-03-24 17:22:13','2022-03-24 17:24:03','小明,小A',2,'XKCjfATY65',2,'3,4',1,1,1),(176,'Ag',133,4,'2022-03-24 17:22:13','2022-03-24 17:24:03','小明,小A',2,'XKCjfATY65',2,'3,4',1,1,1),(177,'U',136,3,'2022-03-24 21:12:33',NULL,'小明',1,'10MvGTjG8A',1,'3',0,10,1),(178,'K',136,1,'2022-03-24 21:12:33',NULL,'张无忌',1,'GiE7iYH2y1',1,'1',0,10,1),(179,'Th',136,4,'2022-03-24 21:12:33',NULL,'小A',1,'YpBvZA58mC',1,'4',0,10,1),(180,'Ra',136,3,'2022-03-24 21:12:33','2022-03-24 21:13:41','小明',2,'VtRdzrKj0h',1,'3',10,10,1);

/*Table structure for table `t_work_load` */

DROP TABLE IF EXISTS `t_work_load`;

CREATE TABLE `t_work_load` (
  `id` int(11) NOT NULL AUTO_INCREMENT,
  `num` int(10) DEFAULT NULL COMMENT ' 工作量是多少 .',
  `remark` varchar(100) DEFAULT NULL COMMENT '备注',
  `register_id` int(11) DEFAULT NULL,
  `user_id` int(11) DEFAULT NULL,
  PRIMARY KEY (`id`),
  KEY `FK5na53l973flgtihojjgfxob5x` (`register_id`),
  KEY `FKq0pr46inuy0a9c2g12qv944r6` (`user_id`),
  CONSTRAINT `FK5na53l973flgtihojjgfxob5x` FOREIGN KEY (`register_id`) REFERENCES `t_b_register` (`id`),
  CONSTRAINT `FKq0pr46inuy0a9c2g12qv944r6` FOREIGN KEY (`user_id`) REFERENCES `t_a_user` (`id`)
) ENGINE=InnoDB AUTO_INCREMENT=7 DEFAULT CHARSET=utf8;

/*Data for the table `t_work_load` */

insert  into `t_work_load`(`id`,`num`,`remark`,`register_id`,`user_id`) values (5,26,'26',133,4),(6,26,'26',133,3);

/*!40101 SET SQL_MODE=@OLD_SQL_MODE */;
/*!40014 SET FOREIGN_KEY_CHECKS=@OLD_FOREIGN_KEY_CHECKS */;
/*!40014 SET UNIQUE_CHECKS=@OLD_UNIQUE_CHECKS */;
/*!40111 SET SQL_NOTES=@OLD_SQL_NOTES */;
